,Game,Name,REB,AST,PTS,Santi Aldama Out,Timmy Allen Out,Desmond Bane Out,Bismack Biyombo Out,Brandon Clarke Out,Tosan Evbuomwan Out,Wenyen Gabriel Out,Jacob Gilyard Out,Jordan Goodwin Out,Shaquille Harrison Out,Matthew Hurt Out,GG Jackson II Out,Jaren Jackson Jr Out,DeJon Jarreau Out,Trey Jemison Out,Luke Kennard Out,John Konchar Out,Jake LaRavia Out,Kenneth Lofton Jr Out,Ja Morant Out,Jaylen Nowell Out,Maozinha Pereira Out,Scotty Pippen Jr Out,David Roddy Out,Derrick Rose Out,Zavier Simpson Out,Marcus Smart Out,Lamar Stevens Out,Xavier Tillman Sr Out,Yuta Watanabe Out,Jack White Out,Vince Williams Jr Out,Ziaire Williams Out
0,0,12,0,0,1,1,0,1,1,1,1,1,1,0,1,1,0,1,1,0,1,1,0,1,1,1,1,0,1,1,1,1,1,1,1,1,1,1
1,0,18,0,1,1,1,0,1,1,1,1,1,1,0,1,1,0,1,1,0,1,1,0,1,1,1,1,0,1,1,1,1,1,1,1,1,1,1
2,0,15,0,0,1,1,0,1,1,1,1,1,1,0,1,1,0,1,1,0,1,1,0,1,1,1,1,0,1,1,1,1,1,1,1,1,1,1
3,0,9,1,1,1,1,0,1,1,1,1,1,1,0,1,1,0,1,1,0,1,1,0,1,1,1,1,0,1,1,1,1,1,1,1,1,1,1
4,0,23,0,1,1,1,0,1,1,1,1,1,1,0,1,1,0,1,1,0,1,1,0,1,1,1,1,0,1,1,1,1,1,1,1,1,1,1
5,0,2,1,0,0,1,0,1,1,1,1,1,1,0,1,1,0,1,1,0,1,1,0,1,1,1,1,0,1,1,1,1,1,1,1,1,1,1
6,0,26,0,0,0,1,0,1,1,1,1,1,1,0,1,1,0,1,1,0,1,1,0,1,1,1,1,0,1,1,1,1,1,1,1,1,1,1
7,0,31,1,0,0,1,0,1,1,1,1,1,1,0,1,1,0,1,1,0,1,1,0,1,1,1,1,0,1,1,1,1,1,1,1,1,1,1
8,1,33,0,0,1,1,1,0,1,1,1,1,1,1,1,1,1,0,1,1,0,1,0,1,1,1,1,1,0,0,1,0,1,1,1,1,1,0
9,1,13,0,1,1,1,1,0,1,1,1,1,1,1,1,1,1,0,1,1,0,1,0,1,1,1,1,1,0,0,1,0,1,1,1,1,1,0
10,1,29,1,1,1,1,1,0,1,1,1,1,1,1,1,1,1,0,1,1,0,1,0,1,1,1,1,1,0,0,1,0,1,1,1,1,1,0
11,1,3,0,0,1,1,1,0,1,1,1,1,1,1,1,1,1,0,1,1,0,1,0,1,1,1,1,1,0,0,1,0,1,1,1,1,1,0
12,1,27,0,0,1,1,1,0,1,1,1,1,1,1,1,1,1,0,1,1,0,1,0,1,1,1,1,1,0,0,1,0,1,1,1,1,1,0
13,1,24,0,1,1,1,1,0,1,1,1,1,1,1,1,1,1,0,1,1,0,1,0,1,1,1,1,1,0,0,1,0,1,1,1,1,1,0
14,1,16,0,0,1,1,1,0,1,1,1,1,1,1,1,1,1,0,1,1,0,1,0,1,1,1,1,1,0,0,1,0,1,1,1,1,1,0
15,1,18,0,0,0,1,1,0,1,1,1,1,1,1,1,1,1,0,1,1,0,1,0,1,1,1,1,1,0,0,1,0,1,1,1,1,1,0
16,1,25,0,0,1,1,1,0,1,1,1,1,1,1,1,1,1,0,1,1,0,1,0,1,1,1,1,1,0,0,1,0,1,1,1,1,1,0
17,2,33,1,1,1,1,1,0,1,1,1,1,1,1,1,1,1,0,1,1,1,0,0,1,1,1,1,1,0,0,1,0,1,1,1,1,1,0
18,2,13,0,0,1,1,1,0,1,1,1,1,1,1,1,1,1,0,1,1,1,0,0,1,1,1,1,1,0,0,1,0,1,1,1,1,1,0
19,2,29,1,1,1,1,1,0,1,1,1,1,1,1,1,1,1,0,1,1,1,0,0,1,1,1,1,1,0,0,1,0,1,1,1,1,1,0
20,2,3,0,0,1,1,1,0,1,1,1,1,1,1,1,1,1,0,1,1,1,0,0,1,1,1,1,1,0,0,1,0,1,1,1,1,1,0
21,2,27,0,1,1,1,1,0,1,1,1,1,1,1,1,1,1,0,1,1,1,0,0,1,1,1,1,1,0,0,1,0,1,1,1,1,1,0
22,2,24,0,1,0,1,1,0,1,1,1,1,1,1,1,1,1,0,1,1,1,0,0,1,1,1,1,1,0,0,1,0,1,1,1,1,1,0
23,2,17,1,0,0,1,1,0,1,1,1,1,1,1,1,1,1,0,1,1,1,0,0,1,1,1,1,1,0,0,1,0,1,1,1,1,1,0
24,2,25,0,0,1,1,1,0,1,1,1,1,1,1,1,1,1,0,1,1,1,0,0,1,1,1,1,1,0,0,1,0,1,1,1,1,1,0
25,2,18,0,0,1,1,1,0,1,1,1,1,1,1,1,1,1,0,1,1,1,0,0,1,1,1,1,1,0,0,1,0,1,1,1,1,1,0
26,3,33,1,0,1,1,1,0,1,1,1,1,1,1,1,1,1,0,1,1,1,0,0,0,1,1,1,1,0,0,1,0,1,1,1,1,1,0
27,3,13,0,0,1,1,1,0,1,1,1,1,1,1,1,1,1,0,1,1,1,0,0,0,1,1,1,1,0,0,1,0,1,1,1,1,1,0
28,3,29,1,1,1,1,1,0,1,1,1,1,1,1,1,1,1,0,1,1,1,0,0,0,1,1,1,1,0,0,1,0,1,1,1,1,1,0
29,3,3,0,0,1,1,1,0,1,1,1,1,1,1,1,1,1,0,1,1,1,0,0,0,1,1,1,1,0,0,1,0,1,1,1,1,1,0
30,3,27,0,1,1,1,1,0,1,1,1,1,1,1,1,1,1,0,1,1,1,0,0,0,1,1,1,1,0,0,1,0,1,1,1,1,1,0
31,3,18,0,0,1,1,1,0,1,1,1,1,1,1,1,1,1,0,1,1,1,0,0,0,1,1,1,1,0,0,1,0,1,1,1,1,1,0
32,3,17,1,0,1,1,1,0,1,1,1,1,1,1,1,1,1,0,1,1,1,0,0,0,1,1,1,1,0,0,1,0,1,1,1,1,1,0
33,3,25,0,1,1,1,1,0,1,1,1,1,1,1,1,1,1,0,1,1,1,0,0,0,1,1,1,1,0,0,1,0,1,1,1,1,1,0
34,3,24,0,1,1,1,1,0,1,1,1,1,1,1,1,1,1,0,1,1,1,0,0,0,1,1,1,1,0,0,1,0,1,1,1,1,1,0
35,3,19,0,0,0,1,1,0,1,1,1,1,1,1,1,1,1,0,1,1,1,0,0,0,1,1,1,1,0,0,1,0,1,1,1,1,1,0
36,4,33,0,1,1,1,1,0,1,1,1,1,0,1,1,1,0,0,1,1,1,0,0,0,1,1,1,1,0,0,1,0,1,1,1,1,0,0
37,4,13,0,1,1,1,1,0,1,1,1,1,0,1,1,1,0,0,1,1,1,0,0,0,1,1,1,1,0,0,1,0,1,1,1,1,0,0
38,4,29,1,0,1,1,1,0,1,1,1,1,0,1,1,1,0,0,1,1,1,0,0,0,1,1,1,1,0,0,1,0,1,1,1,1,0,0
39,4,3,0,0,1,1,1,0,1,1,1,1,0,1,1,1,0,0,1,1,1,0,0,0,1,1,1,1,0,0,1,0,1,1,1,1,0,0
40,4,27,0,1,1,1,1,0,1,1,1,1,0,1,1,1,0,0,1,1,1,0,0,0,1,1,1,1,0,0,1,0,1,1,1,1,0,0
41,4,24,0,1,1,1,1,0,1,1,1,1,0,1,1,1,0,0,1,1,1,0,0,0,1,1,1,1,0,0,1,0,1,1,1,1,0,0
42,4,17,0,0,0,1,1,0,1,1,1,1,0,1,1,1,0,0,1,1,1,0,0,0,1,1,1,1,0,0,1,0,1,1,1,1,0,0
43,4,18,0,0,0,1,1,0,1,1,1,1,0,1,1,1,0,0,1,1,1,0,0,0,1,1,1,1,0,0,1,0,1,1,1,1,0,0
44,4,25,0,0,0,1,1,0,1,1,1,1,0,1,1,1,0,0,1,1,1,0,0,0,1,1,1,1,0,0,1,0,1,1,1,1,0,0
45,4,32,0,0,0,1,1,0,1,1,1,1,0,1,1,1,0,0,1,1,1,0,0,0,1,1,1,1,0,0,1,0,1,1,1,1,0,0
46,4,19,0,0,0,1,1,0,1,1,1,1,0,1,1,1,0,0,1,1,1,0,0,0,1,1,1,1,0,0,1,0,1,1,1,1,0,0
47,4,12,0,0,0,1,1,0,1,1,1,1,0,1,1,1,0,0,1,1,1,0,0,0,1,1,1,1,0,0,1,0,1,1,1,1,0,0
48,4,8,0,0,0,1,1,0,1,1,1,1,0,1,1,1,0,0,1,1,1,0,0,0,1,1,1,1,0,0,1,0,1,1,1,1,0,0
49,5,33,0,0,1,1,1,0,1,1,1,1,0,1,1,1,1,0,1,1,0,0,0,0,1,1,1,1,0,1,1,0,1,1,1,1,0,0
50,5,13,0,0,1,1,1,0,1,1,1,1,0,1,1,1,1,0,1,1,0,0,0,0,1,1,1,1,0,1,1,0,1,1,1,1,0,0
51,5,29,0,0,0,1,1,0,1,1,1,1,0,1,1,1,1,0,1,1,0,0,0,0,1,1,1,1,0,1,1,0,1,1,1,1,0,0
52,5,3,0,0,1,1,1,0,1,1,1,1,0,1,1,1,1,0,1,1,0,0,0,0,1,1,1,1,0,1,1,0,1,1,1,1,0,0
53,5,27,0,1,1,1,1,0,1,1,1,1,0,1,1,1,1,0,1,1,0,0,0,0,1,1,1,1,0,1,1,0,1,1,1,1,0,0
54,5,24,0,0,1,1,1,0,1,1,1,1,0,1,1,1,1,0,1,1,0,0,0,0,1,1,1,1,0,1,1,0,1,1,1,1,0,0
55,5,16,0,0,1,1,1,0,1,1,1,1,0,1,1,1,1,0,1,1,0,0,0,0,1,1,1,1,0,1,1,0,1,1,1,1,0,0
56,5,8,0,1,1,1,1,0,1,1,1,1,0,1,1,1,1,0,1,1,0,0,0,0,1,1,1,1,0,1,1,0,1,1,1,1,0,0
57,5,17,1,0,1,1,1,0,1,1,1,1,0,1,1,1,1,0,1,1,0,0,0,0,1,1,1,1,0,1,1,0,1,1,1,1,0,0
58,5,19,1,1,1,1,1,0,1,1,1,1,0,1,1,1,1,0,1,1,0,0,0,0,1,1,1,1,0,1,1,0,1,1,1,1,0,0
59,5,32,0,0,1,1,1,0,1,1,1,1,0,1,1,1,1,0,1,1,0,0,0,0,1,1,1,1,0,1,1,0,1,1,1,1,0,0
60,5,18,0,0,1,1,1,0,1,1,1,1,0,1,1,1,1,0,1,1,0,0,0,0,1,1,1,1,0,1,1,0,1,1,1,1,0,0
61,6,33,0,1,1,1,1,0,0,1,1,1,0,1,1,1,1,0,1,1,0,0,1,1,1,1,1,1,0,1,1,0,1,1,1,1,0,0
62,6,24,0,0,1,1,1,0,0,1,1,1,0,1,1,1,1,0,1,1,0,0,1,1,1,1,1,1,0,1,1,0,1,1,1,1,0,0
63,6,13,0,1,1,1,1,0,0,1,1,1,0,1,1,1,1,0,1,1,0,0,1,1,1,1,1,1,0,1,1,0,1,1,1,1,0,0
64,6,3,0,1,1,1,1,0,0,1,1,1,0,1,1,1,1,0,1,1,0,0,1,1,1,1,1,1,0,1,1,0,1,1,1,1,0,0
65,6,27,0,0,1,1,1,0,0,1,1,1,0,1,1,1,1,0,1,1,0,0,1,1,1,1,1,1,0,1,1,0,1,1,1,1,0,0
66,6,29,1,1,1,1,1,0,0,1,1,1,0,1,1,1,1,0,1,1,0,0,1,1,1,1,1,1,0,1,1,0,1,1,1,1,0,0
67,6,16,0,0,1,1,1,0,0,1,1,1,0,1,1,1,1,0,1,1,0,0,1,1,1,1,1,1,0,1,1,0,1,1,1,1,0,0
68,6,17,0,0,0,1,1,0,0,1,1,1,0,1,1,1,1,0,1,1,0,0,1,1,1,1,1,1,0,1,1,0,1,1,1,1,0,0
69,6,8,0,0,0,1,1,0,0,1,1,1,0,1,1,1,1,0,1,1,0,0,1,1,1,1,1,1,0,1,1,0,1,1,1,1,0,0
70,6,32,0,0,0,1,1,0,0,1,1,1,0,1,1,1,1,0,1,1,0,0,1,1,1,1,1,1,0,1,1,0,1,1,1,1,0,0
71,6,4,0,0,0,1,1,0,0,1,1,1,0,1,1,1,1,0,1,1,0,0,1,1,1,1,1,1,0,1,1,0,1,1,1,1,0,0
72,7,33,0,0,1,0,1,0,0,1,1,1,0,1,1,1,1,0,1,1,0,1,1,0,1,1,1,1,0,1,1,0,1,1,1,1,1,0
73,7,13,0,0,1,0,1,0,0,1,1,1,0,1,1,1,1,0,1,1,0,1,1,0,1,1,1,1,0,1,1,0,1,1,1,1,1,0
74,7,4,1,1,1,0,1,0,0,1,1,1,0,1,1,1,1,0,1,1,0,1,1,0,1,1,1,1,0,1,1,0,1,1,1,1,1,0
75,7,3,0,0,1,0,1,0,0,1,1,1,0,1,1,1,1,0,1,1,0,1,1,0,1,1,1,1,0,1,1,0,1,1,1,1,1,0
76,7,27,0,1,1,0,1,0,0,1,1,1,0,1,1,1,1,0,1,1,0,1,1,0,1,1,1,1,0,1,1,0,1,1,1,1,1,0
77,7,1,0,1,1,0,1,0,0,1,1,1,0,1,1,1,1,0,1,1,0,1,1,0,1,1,1,1,0,1,1,0,1,1,1,1,1,0
78,7,16,0,0,1,0,1,0,0,1,1,1,0,1,1,1,1,0,1,1,0,1,1,0,1,1,1,1,0,1,1,0,1,1,1,1,1,0
79,7,19,0,1,1,0,1,0,0,1,1,1,0,1,1,1,1,0,1,1,0,1,1,0,1,1,1,1,0,1,1,0,1,1,1,1,1,0
80,7,24,0,0,1,0,1,0,0,1,1,1,0,1,1,1,1,0,1,1,0,1,1,0,1,1,1,1,0,1,1,0,1,1,1,1,1,0
81,7,8,0,0,0,0,1,0,0,1,1,1,0,1,1,1,1,0,1,1,0,1,1,0,1,1,1,1,0,1,1,0,1,1,1,1,1,0
82,8,33,0,0,0,0,1,0,0,1,1,1,0,1,1,1,1,0,1,1,0,1,1,0,1,1,1,1,0,1,1,0,1,1,1,1,1,0
83,8,13,0,0,1,0,1,0,0,1,1,1,0,1,1,1,1,0,1,1,0,1,1,0,1,1,1,1,0,1,1,0,1,1,1,1,1,0
84,8,4,1,0,1,0,1,0,0,1,1,1,0,1,1,1,1,0,1,1,0,1,1,0,1,1,1,1,0,1,1,0,1,1,1,1,1,0
85,8,3,0,0,1,0,1,0,0,1,1,1,0,1,1,1,1,0,1,1,0,1,1,0,1,1,1,1,0,1,1,0,1,1,1,1,1,0
86,8,27,0,1,1,0,1,0,0,1,1,1,0,1,1,1,1,0,1,1,0,1,1,0,1,1,1,1,0,1,1,0,1,1,1,1,1,0
87,8,1,0,0,1,0,1,0,0,1,1,1,0,1,1,1,1,0,1,1,0,1,1,0,1,1,1,1,0,1,1,0,1,1,1,1,1,0
88,8,16,0,0,1,0,1,0,0,1,1,1,0,1,1,1,1,0,1,1,0,1,1,0,1,1,1,1,0,1,1,0,1,1,1,1,1,0
89,8,19,0,0,1,0,1,0,0,1,1,1,0,1,1,1,1,0,1,1,0,1,1,0,1,1,1,1,0,1,1,0,1,1,1,1,1,0
90,8,8,0,1,1,0,1,0,0,1,1,1,0,1,1,1,1,0,1,1,0,1,1,0,1,1,1,1,0,1,1,0,1,1,1,1,1,0
91,8,24,0,0,1,0,1,0,0,1,1,1,0,1,1,1,1,0,1,1,0,1,1,0,1,1,1,1,0,1,1,0,1,1,1,1,1,0
92,9,3,0,1,1,0,1,0,0,1,1,1,0,1,1,1,1,0,1,1,0,0,1,0,1,1,1,1,0,1,1,0,1,1,1,1,1,1
93,9,13,0,0,1,0,1,0,0,1,1,1,0,1,1,1,1,0,1,1,0,0,1,0,1,1,1,1,0,1,1,0,1,1,1,1,1,1
94,9,4,1,0,1,0,1,0,0,1,1,1,0,1,1,1,1,0,1,1,0,0,1,0,1,1,1,1,0,1,1,0,1,1,1,1,1,1
95,9,27,0,0,1,0,1,0,0,1,1,1,0,1,1,1,1,0,1,1,0,0,1,0,1,1,1,1,0,1,1,0,1,1,1,1,1,1
96,9,8,0,1,1,0,1,0,0,1,1,1,0,1,1,1,1,0,1,1,0,0,1,0,1,1,1,1,0,1,1,0,1,1,1,1,1,1
97,9,1,0,0,1,0,1,0,0,1,1,1,0,1,1,1,1,0,1,1,0,0,1,0,1,1,1,1,0,1,1,0,1,1,1,1,1,1
98,9,16,0,0,1,0,1,0,0,1,1,1,0,1,1,1,1,0,1,1,0,0,1,0,1,1,1,1,0,1,1,0,1,1,1,1,1,1
99,9,19,0,0,0,0,1,0,0,1,1,1,0,1,1,1,1,0,1,1,0,0,1,0,1,1,1,1,0,1,1,0,1,1,1,1,1,1
100,9,24,0,0,1,0,1,0,0,1,1,1,0,1,1,1,1,0,1,1,0,0,1,0,1,1,1,1,0,1,1,0,1,1,1,1,1,1
101,9,17,0,0,1,0,1,0,0,1,1,1,0,1,1,1,1,0,1,1,0,0,1,0,1,1,1,1,0,1,1,0,1,1,1,1,1,1
102,10,3,0,1,1,0,1,0,0,1,1,1,0,1,1,1,1,0,1,1,0,0,1,1,1,1,1,1,0,1,1,0,1,1,1,1,1,0
103,10,13,0,0,1,0,1,0,0,1,1,1,0,1,1,1,1,0,1,1,0,0,1,1,1,1,1,1,0,1,1,0,1,1,1,1,1,0
104,10,4,1,1,1,0,1,0,0,1,1,1,0,1,1,1,1,0,1,1,0,0,1,1,1,1,1,1,0,1,1,0,1,1,1,1,1,0
105,10,27,0,1,1,0,1,0,0,1,1,1,0,1,1,1,1,0,1,1,0,0,1,1,1,1,1,1,0,1,1,0,1,1,1,1,1,0
106,10,8,1,0,1,0,1,0,0,1,1,1,0,1,1,1,1,0,1,1,0,0,1,1,1,1,1,1,0,1,1,0,1,1,1,1,1,0
107,10,16,0,0,1,0,1,0,0,1,1,1,0,1,1,1,1,0,1,1,0,0,1,1,1,1,1,1,0,1,1,0,1,1,1,1,1,0
108,10,1,0,0,1,0,1,0,0,1,1,1,0,1,1,1,1,0,1,1,0,0,1,1,1,1,1,1,0,1,1,0,1,1,1,1,1,0
109,10,33,0,0,0,0,1,0,0,1,1,1,0,1,1,1,1,0,1,1,0,0,1,1,1,1,1,1,0,1,1,0,1,1,1,1,1,0
110,10,17,0,0,0,0,1,0,0,1,1,1,0,1,1,1,1,0,1,1,0,0,1,1,1,1,1,1,0,1,1,0,1,1,1,1,1,0
111,10,24,0,0,1,0,1,0,0,1,1,1,0,1,1,1,1,0,1,1,0,0,1,1,1,1,1,1,0,1,1,0,1,1,1,1,1,0
112,11,3,0,0,1,0,1,0,0,1,1,1,0,1,1,1,1,0,1,1,0,0,1,0,1,1,1,1,0,1,1,0,1,1,1,1,0,0
113,11,13,0,0,1,0,1,0,0,1,1,1,0,1,1,1,1,0,1,1,0,0,1,0,1,1,1,1,0,1,1,0,1,1,1,1,0,0
114,11,4,1,1,0,0,1,0,0,1,1,1,0,1,1,1,1,0,1,1,0,0,1,0,1,1,1,1,0,1,1,0,1,1,1,1,0,0
115,11,27,0,0,1,0,1,0,0,1,1,1,0,1,1,1,1,0,1,1,0,0,1,0,1,1,1,1,0,1,1,0,1,1,1,1,0,0
116,11,8,0,0,1,0,1,0,0,1,1,1,0,1,1,1,1,0,1,1,0,0,1,0,1,1,1,1,0,1,1,0,1,1,1,1,0,0
117,11,1,0,1,1,0,1,0,0,1,1,1,0,1,1,1,1,0,1,1,0,0,1,0,1,1,1,1,0,1,1,0,1,1,1,1,0,0
118,11,16,0,0,0,0,1,0,0,1,1,1,0,1,1,1,1,0,1,1,0,0,1,0,1,1,1,1,0,1,1,0,1,1,1,1,0,0
119,11,33,0,0,1,0,1,0,0,1,1,1,0,1,1,1,1,0,1,1,0,0,1,0,1,1,1,1,0,1,1,0,1,1,1,1,0,0
120,11,24,0,1,1,0,1,0,0,1,1,1,0,1,1,1,1,0,1,1,0,0,1,0,1,1,1,1,0,1,1,0,1,1,1,1,0,0
121,11,29,0,1,1,0,1,0,0,1,1,1,0,1,1,1,1,0,1,1,0,0,1,0,1,1,1,1,0,1,1,0,1,1,1,1,0,0
122,11,17,0,1,1,0,1,0,0,1,1,1,0,1,1,1,1,0,1,1,0,0,1,0,1,1,1,1,0,1,1,0,1,1,1,1,0,0
123,11,32,0,0,0,0,1,0,0,1,1,1,0,1,1,1,1,0,1,1,0,0,1,0,1,1,1,1,0,1,1,0,1,1,1,1,0,0
124,11,19,0,0,0,0,1,0,0,1,1,1,0,1,1,1,1,0,1,1,0,0,1,0,1,1,1,1,0,1,1,0,1,1,1,1,0,0
125,12,3,0,0,1,0,1,0,0,1,1,1,0,1,1,1,1,0,1,1,1,0,1,0,1,1,1,1,0,0,1,1,1,1,1,1,1,0
126,12,13,0,0,1,0,1,0,0,1,1,1,0,1,1,1,1,0,1,1,1,0,1,0,1,1,1,1,0,0,1,1,1,1,1,1,1,0
127,12,4,1,1,1,0,1,0,0,1,1,1,0,1,1,1,1,0,1,1,1,0,1,0,1,1,1,1,0,0,1,1,1,1,1,1,1,0
128,12,17,0,0,1,0,1,0,0,1,1,1,0,1,1,1,1,0,1,1,1,0,1,0,1,1,1,1,0,0,1,1,1,1,1,1,1,0
129,12,8,0,0,1,0,1,0,0,1,1,1,0,1,1,1,1,0,1,1,1,0,1,0,1,1,1,1,0,0,1,1,1,1,1,1,1,0
130,12,1,0,1,1,0,1,0,0,1,1,1,0,1,1,1,1,0,1,1,1,0,1,0,1,1,1,1,0,0,1,1,1,1,1,1,1,0
131,12,25,0,0,1,0,1,0,0,1,1,1,0,1,1,1,1,0,1,1,1,0,1,0,1,1,1,1,0,0,1,1,1,1,1,1,1,0
132,12,24,0,0,0,0,1,0,0,1,1,1,0,1,1,1,1,0,1,1,1,0,1,0,1,1,1,1,0,0,1,1,1,1,1,1,1,0
133,12,19,0,1,1,0,1,0,0,1,1,1,0,1,1,1,1,0,1,1,1,0,1,0,1,1,1,1,0,0,1,1,1,1,1,1,1,0
134,12,33,0,1,1,0,1,0,0,1,1,1,0,1,1,1,1,0,1,1,1,0,1,0,1,1,1,1,0,0,1,1,1,1,1,1,1,0
135,13,1,1,1,1,0,1,0,0,1,1,1,0,1,1,1,1,0,1,1,1,0,1,0,1,1,1,1,0,1,1,1,1,1,1,1,0,0
136,13,13,0,0,1,0,1,0,0,1,1,1,0,1,1,1,1,0,1,1,1,0,1,0,1,1,1,1,0,1,1,1,1,1,1,1,0,0
137,13,4,0,0,0,0,1,0,0,1,1,1,0,1,1,1,1,0,1,1,1,0,1,0,1,1,1,1,0,1,1,1,1,1,1,1,0,0
138,13,17,1,1,0,0,1,0,0,1,1,1,0,1,1,1,1,0,1,1,1,0,1,0,1,1,1,1,0,1,1,1,1,1,1,1,0,0
139,13,3,0,1,1,0,1,0,0,1,1,1,0,1,1,1,1,0,1,1,1,0,1,0,1,1,1,1,0,1,1,1,1,1,1,1,0,0
140,13,24,0,0,0,0,1,0,0,1,1,1,0,1,1,1,1,0,1,1,1,0,1,0,1,1,1,1,0,1,1,1,1,1,1,1,0,0
141,13,33,0,1,1,0,1,0,0,1,1,1,0,1,1,1,1,0,1,1,1,0,1,0,1,1,1,1,0,1,1,1,1,1,1,1,0,0
142,13,8,0,1,1,0,1,0,0,1,1,1,0,1,1,1,1,0,1,1,1,0,1,0,1,1,1,1,0,1,1,1,1,1,1,1,0,0
143,13,32,0,0,1,0,1,0,0,1,1,1,0,1,1,1,1,0,1,1,1,0,1,0,1,1,1,1,0,1,1,1,1,1,1,1,0,0
144,13,19,0,0,1,0,1,0,0,1,1,1,0,1,1,1,1,0,1,1,1,0,1,0,1,1,1,1,0,1,1,1,1,1,1,1,0,0
145,14,1,0,0,1,0,1,0,0,1,1,1,0,1,1,1,0,0,1,1,1,0,1,0,1,1,1,1,0,0,1,1,1,1,1,1,0,0
146,14,13,0,0,1,0,1,0,0,1,1,1,0,1,1,1,0,0,1,1,1,0,1,0,1,1,1,1,0,0,1,1,1,1,1,1,0,0
147,14,4,0,1,0,0,1,0,0,1,1,1,0,1,1,1,0,0,1,1,1,0,1,0,1,1,1,1,0,0,1,1,1,1,1,1,0,0
148,14,3,0,0,1,0,1,0,0,1,1,1,0,1,1,1,0,0,1,1,1,0,1,0,1,1,1,1,0,0,1,1,1,1,1,1,0,0
149,14,8,0,1,1,0,1,0,0,1,1,1,0,1,1,1,0,0,1,1,1,0,1,0,1,1,1,1,0,0,1,1,1,1,1,1,0,0
150,14,24,0,0,1,0,1,0,0,1,1,1,0,1,1,1,0,0,1,1,1,0,1,0,1,1,1,1,0,0,1,1,1,1,1,1,0,0
151,14,25,0,0,1,0,1,0,0,1,1,1,0,1,1,1,0,0,1,1,1,0,1,0,1,1,1,1,0,0,1,1,1,1,1,1,0,0
152,14,17,1,0,0,0,1,0,0,1,1,1,0,1,1,1,0,0,1,1,1,0,1,0,1,1,1,1,0,0,1,1,1,1,1,1,0,0
153,14,33,0,0,1,0,1,0,0,1,1,1,0,1,1,1,0,0,1,1,1,0,1,0,1,1,1,1,0,0,1,1,1,1,1,1,0,0
154,14,12,0,0,0,0,1,0,0,1,1,1,0,1,1,1,0,0,1,1,1,0,1,0,1,1,1,1,0,0,1,1,1,1,1,1,0,0
155,14,19,0,1,1,0,1,0,0,1,1,1,0,1,1,1,0,0,1,1,1,0,1,0,1,1,1,1,0,0,1,1,1,1,1,1,0,0
156,14,32,0,0,0,0,1,0,0,1,1,1,0,1,1,1,0,0,1,1,1,0,1,0,1,1,1,1,0,0,1,1,1,1,1,1,0,0
157,15,1,0,0,1,0,1,0,0,1,1,1,0,1,0,1,0,0,1,1,1,0,1,0,1,0,1,1,0,0,1,1,1,1,1,1,0,0
158,15,13,0,0,1,0,1,0,0,1,1,1,0,1,0,1,0,0,1,1,1,0,1,0,1,0,1,1,0,0,1,1,1,1,1,1,0,0
159,15,4,0,1,1,0,1,0,0,1,1,1,0,1,0,1,0,0,1,1,1,0,1,0,1,0,1,1,0,0,1,1,1,1,1,1,0,0
160,15,3,0,1,1,0,1,0,0,1,1,1,0,1,0,1,0,0,1,1,1,0,1,0,1,0,1,1,0,0,1,1,1,1,1,1,0,0
161,15,8,0,1,1,0,1,0,0,1,1,1,0,1,0,1,0,0,1,1,1,0,1,0,1,0,1,1,0,0,1,1,1,1,1,1,0,0
162,15,24,0,0,1,0,1,0,0,1,1,1,0,1,0,1,0,0,1,1,1,0,1,0,1,0,1,1,0,0,1,1,1,1,1,1,0,0
163,15,25,0,0,1,0,1,0,0,1,1,1,0,1,0,1,0,0,1,1,1,0,1,0,1,0,1,1,0,0,1,1,1,1,1,1,0,0
164,15,17,0,0,0,0,1,0,0,1,1,1,0,1,0,1,0,0,1,1,1,0,1,0,1,0,1,1,0,0,1,1,1,1,1,1,0,0
165,15,32,0,0,0,0,1,0,0,1,1,1,0,1,0,1,0,0,1,1,1,0,1,0,1,0,1,1,0,0,1,1,1,1,1,1,0,0
166,15,12,0,0,0,0,1,0,0,1,1,1,0,1,0,1,0,0,1,1,1,0,1,0,1,0,1,1,0,0,1,1,1,1,1,1,0,0
167,15,19,0,0,1,0,1,0,0,1,1,1,0,1,0,1,0,0,1,1,1,0,1,0,1,0,1,1,0,0,1,1,1,1,1,1,0,0
168,15,21,0,0,0,0,1,0,0,1,1,1,0,1,0,1,0,0,1,1,1,0,1,0,1,0,1,1,0,0,1,1,1,1,1,1,0,0
169,15,10,0,0,0,0,1,0,0,1,1,1,0,1,0,1,0,0,1,1,1,0,1,0,1,0,1,1,0,0,1,1,1,1,1,1,0,0
170,15,33,0,0,0,0,1,0,0,1,1,1,0,1,0,1,0,0,1,1,1,0,1,0,1,0,1,1,0,0,1,1,1,1,1,1,0,0
171,16,1,0,0,1,0,1,0,0,1,1,1,0,1,0,1,1,0,1,1,1,0,1,0,1,0,1,1,0,0,1,1,1,1,1,1,0,0
172,16,13,0,1,1,0,1,0,0,1,1,1,0,1,0,1,1,0,1,1,1,0,1,0,1,0,1,1,0,0,1,1,1,1,1,1,0,0
173,16,4,0,1,1,0,1,0,0,1,1,1,0,1,0,1,1,0,1,1,1,0,1,0,1,0,1,1,0,0,1,1,1,1,1,1,0,0
174,16,3,0,0,1,0,1,0,0,1,1,1,0,1,0,1,1,0,1,1,1,0,1,0,1,0,1,1,0,0,1,1,1,1,1,1,0,0
175,16,8,0,0,0,0,1,0,0,1,1,1,0,1,0,1,1,0,1,1,1,0,1,0,1,0,1,1,0,0,1,1,1,1,1,1,0,0
176,16,24,0,1,1,0,1,0,0,1,1,1,0,1,0,1,1,0,1,1,1,0,1,0,1,0,1,1,0,0,1,1,1,1,1,1,0,0
177,16,25,0,1,1,0,1,0,0,1,1,1,0,1,0,1,1,0,1,1,1,0,1,0,1,0,1,1,0,0,1,1,1,1,1,1,0,0
178,16,32,0,0,0,0,1,0,0,1,1,1,0,1,0,1,1,0,1,1,1,0,1,0,1,0,1,1,0,0,1,1,1,1,1,1,0,0
179,16,33,0,0,1,0,1,0,0,1,1,1,0,1,0,1,1,0,1,1,1,0,1,0,1,0,1,1,0,0,1,1,1,1,1,1,0,0
180,16,21,0,1,1,0,1,0,0,1,1,1,0,1,0,1,1,0,1,1,1,0,1,0,1,0,1,1,0,0,1,1,1,1,1,1,0,0
181,16,17,0,0,0,0,1,0,0,1,1,1,0,1,0,1,1,0,1,1,1,0,1,0,1,0,1,1,0,0,1,1,1,1,1,1,0,0
182,16,19,0,0,1,0,1,0,0,1,1,1,0,1,0,1,1,0,1,1,1,0,1,0,1,0,1,1,0,0,1,1,1,1,1,1,0,0
183,16,10,0,0,0,0,1,0,0,1,1,1,0,1,0,1,1,0,1,1,1,0,1,0,1,0,1,1,0,0,1,1,1,1,1,1,0,0
184,17,24,0,0,1,0,1,0,0,1,1,1,1,1,1,1,1,0,1,1,1,1,1,1,1,0,1,1,0,0,1,1,1,1,1,1,0,0
185,17,13,0,0,1,0,1,0,0,1,1,1,1,1,1,1,1,0,1,1,1,1,1,1,1,0,1,1,0,0,1,1,1,1,1,1,0,0
186,17,4,1,1,1,0,1,0,0,1,1,1,1,1,1,1,1,0,1,1,1,1,1,1,1,0,1,1,0,0,1,1,1,1,1,1,0,0
187,17,3,0,1,1,0,1,0,0,1,1,1,1,1,1,1,1,0,1,1,1,1,1,1,1,0,1,1,0,0,1,1,1,1,1,1,0,0
188,17,25,0,1,1,0,1,0,0,1,1,1,1,1,1,1,1,0,1,1,1,1,1,1,1,0,1,1,0,0,1,1,1,1,1,1,0,0
189,17,21,0,0,0,0,1,0,0,1,1,1,1,1,1,1,1,0,1,1,1,1,1,1,1,0,1,1,0,0,1,1,1,1,1,1,0,0
190,17,32,0,0,0,0,1,0,0,1,1,1,1,1,1,1,1,0,1,1,1,1,1,1,1,0,1,1,0,0,1,1,1,1,1,1,0,0
191,17,1,0,0,1,0,1,0,0,1,1,1,1,1,1,1,1,0,1,1,1,1,1,1,1,0,1,1,0,0,1,1,1,1,1,1,0,0
192,17,33,0,0,1,0,1,0,0,1,1,1,1,1,1,1,1,0,1,1,1,1,1,1,1,0,1,1,0,0,1,1,1,1,1,1,0,0
193,18,24,0,1,1,0,1,0,0,1,1,1,0,1,0,1,1,0,1,1,1,0,1,0,1,0,1,1,0,0,1,1,1,1,1,1,0,0
194,18,13,0,0,0,0,1,0,0,1,1,1,0,1,0,1,1,0,1,1,1,0,1,0,1,0,1,1,0,0,1,1,1,1,1,1,0,0
195,18,4,1,1,0,0,1,0,0,1,1,1,0,1,0,1,1,0,1,1,1,0,1,0,1,0,1,1,0,0,1,1,1,1,1,1,0,0
196,18,3,0,0,1,0,1,0,0,1,1,1,0,1,0,1,1,0,1,1,1,0,1,0,1,0,1,1,0,0,1,1,1,1,1,1,0,0
197,18,25,0,0,1,0,1,0,0,1,1,1,0,1,0,1,1,0,1,1,1,0,1,0,1,0,1,1,0,0,1,1,1,1,1,1,0,0
198,18,21,0,0,1,0,1,0,0,1,1,1,0,1,0,1,1,0,1,1,1,0,1,0,1,0,1,1,0,0,1,1,1,1,1,1,0,0
199,18,1,1,1,1,0,1,0,0,1,1,1,0,1,0,1,1,0,1,1,1,0,1,0,1,0,1,1,0,0,1,1,1,1,1,1,0,0
200,18,32,0,0,1,0,1,0,0,1,1,1,0,1,0,1,1,0,1,1,1,0,1,0,1,0,1,1,0,0,1,1,1,1,1,1,0,0
201,18,33,0,0,0,0,1,0,0,1,1,1,0,1,0,1,1,0,1,1,1,0,1,0,1,0,1,1,0,0,1,1,1,1,1,1,0,0
202,18,29,0,1,1,0,1,0,0,1,1,1,0,1,0,1,1,0,1,1,1,0,1,0,1,0,1,1,0,0,1,1,1,1,1,1,0,0
203,18,17,0,0,0,0,1,0,0,1,1,1,0,1,0,1,1,0,1,1,1,0,1,0,1,0,1,1,0,0,1,1,1,1,1,1,0,0
204,18,19,0,0,0,0,1,0,0,1,1,1,0,1,0,1,1,0,1,1,1,0,1,0,1,0,1,1,0,0,1,1,1,1,1,1,0,0
205,18,10,0,0,0,0,1,0,0,1,1,1,0,1,0,1,1,0,1,1,1,0,1,0,1,0,1,1,0,0,1,1,1,1,1,1,0,0
206,18,8,0,0,0,0,1,0,0,1,1,1,0,1,0,1,1,0,1,1,1,0,1,0,1,0,1,1,0,0,1,1,1,1,1,1,0,0
207,19,24,0,0,1,0,1,0,0,1,1,1,1,1,1,1,1,0,1,1,1,0,1,1,1,0,1,1,0,1,1,1,1,1,1,1,0,1
208,19,13,0,0,1,0,1,0,0,1,1,1,1,1,1,1,1,0,1,1,1,0,1,1,1,0,1,1,0,1,1,1,1,1,1,1,0,1
209,19,4,0,1,0,0,1,0,0,1,1,1,1,1,1,1,1,0,1,1,1,0,1,1,1,0,1,1,0,1,1,1,1,1,1,1,0,1
210,19,3,0,0,1,0,1,0,0,1,1,1,1,1,1,1,1,0,1,1,1,0,1,1,1,0,1,1,0,1,1,1,1,1,1,1,0,1
211,19,21,0,1,1,0,1,0,0,1,1,1,1,1,1,1,1,0,1,1,1,0,1,1,1,0,1,1,0,1,1,1,1,1,1,1,0,1
212,19,1,0,0,1,0,1,0,0,1,1,1,1,1,1,1,1,0,1,1,1,0,1,1,1,0,1,1,0,1,1,1,1,1,1,1,0,1
213,19,17,0,0,1,0,1,0,0,1,1,1,1,1,1,1,1,0,1,1,1,0,1,1,1,0,1,1,0,1,1,1,1,1,1,1,0,1
214,19,29,0,0,0,0,1,0,0,1,1,1,1,1,1,1,1,0,1,1,1,0,1,1,1,0,1,1,0,1,1,1,1,1,1,1,0,1
215,19,32,0,0,1,0,1,0,0,1,1,1,1,1,1,1,1,0,1,1,1,0,1,1,1,0,1,1,0,1,1,1,1,1,1,1,0,1
216,20,24,0,0,1,0,1,0,0,1,1,1,0,1,1,1,1,0,1,1,1,0,1,0,1,0,1,1,0,0,1,1,1,1,1,1,0,0
217,20,13,0,0,1,0,1,0,0,1,1,1,0,1,1,1,1,0,1,1,1,0,1,0,1,0,1,1,0,0,1,1,1,1,1,1,0,0
218,20,4,1,1,0,0,1,0,0,1,1,1,0,1,1,1,1,0,1,1,1,0,1,0,1,0,1,1,0,0,1,1,1,1,1,1,0,0
219,20,25,0,0,1,0,1,0,0,1,1,1,0,1,1,1,1,0,1,1,1,0,1,0,1,0,1,1,0,0,1,1,1,1,1,1,0,0
220,20,3,0,1,1,0,1,0,0,1,1,1,0,1,1,1,1,0,1,1,1,0,1,0,1,0,1,1,0,0,1,1,1,1,1,1,0,0
221,20,21,0,1,1,0,1,0,0,1,1,1,0,1,1,1,1,0,1,1,1,0,1,0,1,0,1,1,0,0,1,1,1,1,1,1,0,0
222,20,1,0,1,1,0,1,0,0,1,1,1,0,1,1,1,1,0,1,1,1,0,1,0,1,0,1,1,0,0,1,1,1,1,1,1,0,0
223,20,32,0,0,0,0,1,0,0,1,1,1,0,1,1,1,1,0,1,1,1,0,1,0,1,0,1,1,0,0,1,1,1,1,1,1,0,0
224,20,17,1,0,1,0,1,0,0,1,1,1,0,1,1,1,1,0,1,1,1,0,1,0,1,0,1,1,0,0,1,1,1,1,1,1,0,0
225,20,29,0,0,0,0,1,0,0,1,1,1,0,1,1,1,1,0,1,1,1,0,1,0,1,0,1,1,0,0,1,1,1,1,1,1,0,0
226,20,19,0,0,0,0,1,0,0,1,1,1,0,1,1,1,1,0,1,1,1,0,1,0,1,0,1,1,0,0,1,1,1,1,1,1,0,0
227,20,33,0,0,0,0,1,0,0,1,1,1,0,1,1,1,1,0,1,1,1,0,1,0,1,0,1,1,0,0,1,1,1,1,1,1,0,0
228,20,8,0,0,0,0,1,0,0,1,1,1,0,1,1,1,1,0,1,1,1,0,1,0,1,0,1,1,0,0,1,1,1,1,1,1,0,0
229,21,24,0,0,1,0,1,0,0,1,1,1,0,1,1,1,1,0,1,1,1,0,1,0,1,0,1,1,0,0,1,1,1,1,1,1,0,0
230,21,13,0,0,1,0,1,0,0,1,1,1,0,1,1,1,1,0,1,1,1,0,1,0,1,0,1,1,0,0,1,1,1,1,1,1,0,0
231,21,4,0,1,0,0,1,0,0,1,1,1,0,1,1,1,1,0,1,1,1,0,1,0,1,0,1,1,0,0,1,1,1,1,1,1,0,0
232,21,3,0,0,1,0,1,0,0,1,1,1,0,1,1,1,1,0,1,1,1,0,1,0,1,0,1,1,0,0,1,1,1,1,1,1,0,0
233,21,25,0,1,1,0,1,0,0,1,1,1,0,1,1,1,1,0,1,1,1,0,1,0,1,0,1,1,0,0,1,1,1,1,1,1,0,0
234,21,32,0,0,0,0,1,0,0,1,1,1,0,1,1,1,1,0,1,1,1,0,1,0,1,0,1,1,0,0,1,1,1,1,1,1,0,0
235,21,1,0,1,1,0,1,0,0,1,1,1,0,1,1,1,1,0,1,1,1,0,1,0,1,0,1,1,0,0,1,1,1,1,1,1,0,0
236,21,21,0,1,1,0,1,0,0,1,1,1,0,1,1,1,1,0,1,1,1,0,1,0,1,0,1,1,0,0,1,1,1,1,1,1,0,0
237,21,17,0,0,0,0,1,0,0,1,1,1,0,1,1,1,1,0,1,1,1,0,1,0,1,0,1,1,0,0,1,1,1,1,1,1,0,0
238,21,29,0,0,1,0,1,0,0,1,1,1,0,1,1,1,1,0,1,1,1,0,1,0,1,0,1,1,0,0,1,1,1,1,1,1,0,0
239,21,8,0,0,0,0,1,0,0,1,1,1,0,1,1,1,1,0,1,1,1,0,1,0,1,0,1,1,0,0,1,1,1,1,1,1,0,0
240,21,19,0,1,1,0,1,0,0,1,1,1,0,1,1,1,1,0,1,1,1,0,1,0,1,0,1,1,0,0,1,1,1,1,1,1,0,0
241,21,33,0,0,1,0,1,0,0,1,1,1,0,1,1,1,1,0,1,1,1,0,1,0,1,0,1,1,0,0,1,1,1,1,1,1,0,0
242,22,24,0,1,1,0,1,0,0,1,1,1,1,1,1,1,1,0,1,1,1,0,1,1,1,0,1,1,0,0,1,1,1,1,1,1,0,0
243,22,1,0,1,1,0,1,0,0,1,1,1,1,1,1,1,1,0,1,1,1,0,1,1,1,0,1,1,0,0,1,1,1,1,1,1,0,0
244,22,13,0,0,1,0,1,0,0,1,1,1,1,1,1,1,1,0,1,1,1,0,1,1,1,0,1,1,0,0,1,1,1,1,1,1,0,0
245,22,3,0,1,1,0,1,0,0,1,1,1,1,1,1,1,1,0,1,1,1,0,1,1,1,0,1,1,0,0,1,1,1,1,1,1,0,0
246,22,25,0,1,1,0,1,0,0,1,1,1,1,1,1,1,1,0,1,1,1,0,1,1,1,0,1,1,0,0,1,1,1,1,1,1,0,0
247,22,4,0,1,0,0,1,0,0,1,1,1,1,1,1,1,1,0,1,1,1,0,1,1,1,0,1,1,0,0,1,1,1,1,1,1,0,0
248,22,32,0,0,1,0,1,0,0,1,1,1,1,1,1,1,1,0,1,1,1,0,1,1,1,0,1,1,0,0,1,1,1,1,1,1,0,0
249,22,21,0,1,0,0,1,0,0,1,1,1,1,1,1,1,1,0,1,1,1,0,1,1,1,0,1,1,0,0,1,1,1,1,1,1,0,0
250,22,17,1,0,1,0,1,0,0,1,1,1,1,1,1,1,1,0,1,1,1,0,1,1,1,0,1,1,0,0,1,1,1,1,1,1,0,0
251,22,29,0,0,0,0,1,0,0,1,1,1,1,1,1,1,1,0,1,1,1,0,1,1,1,0,1,1,0,0,1,1,1,1,1,1,0,0
252,22,33,0,0,1,0,1,0,0,1,1,1,1,1,1,1,1,0,1,1,1,0,1,1,1,0,1,1,0,0,1,1,1,1,1,1,0,0
253,23,24,0,1,1,0,1,1,0,1,1,1,0,1,1,1,1,0,1,1,1,0,0,1,1,0,1,1,0,0,1,1,1,1,1,1,0,0
254,23,13,0,0,1,0,1,1,0,1,1,1,0,1,1,1,1,0,1,1,1,0,0,1,1,0,1,1,0,0,1,1,1,1,1,1,0,0
255,23,4,1,1,0,0,1,1,0,1,1,1,0,1,1,1,1,0,1,1,1,0,0,1,1,0,1,1,0,0,1,1,1,1,1,1,0,0
256,23,32,0,0,1,0,1,1,0,1,1,1,0,1,1,1,1,0,1,1,1,0,0,1,1,0,1,1,0,0,1,1,1,1,1,1,0,0
257,23,25,0,1,1,0,1,1,0,1,1,1,0,1,1,1,1,0,1,1,1,0,0,1,1,0,1,1,0,0,1,1,1,1,1,1,0,0
258,23,33,0,1,1,0,1,1,0,1,1,1,0,1,1,1,1,0,1,1,1,0,0,1,1,0,1,1,0,0,1,1,1,1,1,1,0,0
259,23,21,0,0,0,0,1,1,0,1,1,1,0,1,1,1,1,0,1,1,1,0,0,1,1,0,1,1,0,0,1,1,1,1,1,1,0,0
260,23,1,0,0,1,0,1,1,0,1,1,1,0,1,1,1,1,0,1,1,1,0,0,1,1,0,1,1,0,0,1,1,1,1,1,1,0,0
261,23,17,0,0,0,0,1,1,0,1,1,1,0,1,1,1,1,0,1,1,1,0,0,1,1,0,1,1,0,0,1,1,1,1,1,1,0,0
262,23,18,0,1,1,0,1,1,0,1,1,1,0,1,1,1,1,0,1,1,1,0,0,1,1,0,1,1,0,0,1,1,1,1,1,1,0,0
263,23,8,0,0,1,0,1,1,0,1,1,1,0,1,1,1,1,0,1,1,1,0,0,1,1,0,1,1,0,0,1,1,1,1,1,1,0,0
264,24,32,0,0,1,0,1,0,0,1,1,1,0,1,1,1,1,0,1,1,1,1,0,1,1,1,1,1,0,0,1,1,1,1,1,1,0,0
265,24,13,0,0,1,0,1,0,0,1,1,1,0,1,1,1,1,0,1,1,1,1,0,1,1,1,1,1,0,0,1,1,1,1,1,1,0,0
266,24,4,1,1,1,0,1,0,0,1,1,1,0,1,1,1,1,0,1,1,1,1,0,1,1,1,1,1,0,0,1,1,1,1,1,1,0,0
267,24,3,0,0,1,0,1,0,0,1,1,1,0,1,1,1,1,0,1,1,1,1,0,1,1,1,1,1,0,0,1,1,1,1,1,1,0,0
268,24,25,0,0,1,0,1,0,0,1,1,1,0,1,1,1,1,0,1,1,1,1,0,1,1,1,1,1,0,0,1,1,1,1,1,1,0,0
269,24,1,0,0,1,0,1,0,0,1,1,1,0,1,1,1,1,0,1,1,1,1,0,1,1,1,1,1,0,0,1,1,1,1,1,1,0,0
270,24,24,0,1,1,0,1,0,0,1,1,1,0,1,1,1,1,0,1,1,1,1,0,1,1,1,1,1,0,0,1,1,1,1,1,1,0,0
271,24,8,0,0,0,0,1,0,0,1,1,1,0,1,1,1,1,0,1,1,1,1,0,1,1,1,1,1,0,0,1,1,1,1,1,1,0,0
272,24,18,0,0,0,0,1,0,0,1,1,1,0,1,1,1,1,0,1,1,1,1,0,1,1,1,1,1,0,0,1,1,1,1,1,1,0,0
273,24,33,0,1,0,0,1,0,0,1,1,1,0,1,1,1,1,0,1,1,1,1,0,1,1,1,1,1,0,0,1,1,1,1,1,1,0,0
274,25,32,0,0,0,0,1,0,1,1,1,1,0,1,1,1,0,0,1,1,1,0,0,1,1,1,1,1,0,1,1,1,1,1,1,1,0,0
275,25,13,0,0,1,0,1,0,1,1,1,1,0,1,1,1,0,0,1,1,1,0,0,1,1,1,1,1,0,1,1,1,1,1,1,1,0,0
276,25,29,1,1,0,0,1,0,1,1,1,1,0,1,1,1,0,0,1,1,1,0,0,1,1,1,1,1,0,1,1,1,1,1,1,1,0,0
277,25,3,0,0,1,0,1,0,1,1,1,1,0,1,1,1,0,0,1,1,1,0,0,1,1,1,1,1,0,1,1,1,1,1,1,1,0,0
278,25,8,0,1,1,0,1,0,1,1,1,1,0,1,1,1,0,0,1,1,1,0,0,1,1,1,1,1,0,1,1,1,1,1,1,1,0,0
279,25,17,0,0,1,0,1,0,1,1,1,1,0,1,1,1,0,0,1,1,1,0,0,1,1,1,1,1,0,1,1,1,1,1,1,1,0,0
280,25,1,0,0,1,0,1,0,1,1,1,1,0,1,1,1,0,0,1,1,1,0,0,1,1,1,1,1,0,1,1,1,1,1,1,1,0,0
281,25,24,0,0,1,0,1,0,1,1,1,1,0,1,1,1,0,0,1,1,1,0,0,1,1,1,1,1,0,1,1,1,1,1,1,1,0,0
282,25,33,0,1,1,0,1,0,1,1,1,1,0,1,1,1,0,0,1,1,1,0,0,1,1,1,1,1,0,1,1,1,1,1,1,1,0,0
283,25,12,0,0,1,0,1,0,1,1,1,1,0,1,1,1,0,0,1,1,1,0,0,1,1,1,1,1,0,1,1,1,1,1,1,1,0,0
284,25,18,0,0,0,0,1,0,1,1,1,1,0,1,1,1,0,0,1,1,1,0,0,1,1,1,1,1,0,1,1,1,1,1,1,1,0,0
285,26,32,0,0,1,0,1,0,0,1,1,1,1,1,1,1,1,0,1,1,1,0,1,1,0,1,1,1,0,1,1,1,1,1,1,1,0,0
286,26,13,0,0,1,0,1,0,0,1,1,1,1,1,1,1,1,0,1,1,1,0,1,1,0,1,1,1,0,1,1,1,1,1,1,1,0,0
287,26,4,0,0,1,0,1,0,0,1,1,1,1,1,1,1,1,0,1,1,1,0,1,1,0,1,1,1,0,1,1,1,1,1,1,1,0,0
288,26,3,0,0,1,0,1,0,0,1,1,1,1,1,1,1,1,0,1,1,1,0,1,1,0,1,1,1,0,1,1,1,1,1,1,1,0,0
289,26,20,0,0,1,0,1,0,0,1,1,1,1,1,1,1,1,0,1,1,1,0,1,1,0,1,1,1,0,1,1,1,1,1,1,1,0,0
290,26,17,1,0,0,0,1,0,0,1,1,1,1,1,1,1,1,0,1,1,1,0,1,1,0,1,1,1,0,1,1,1,1,1,1,1,0,0
291,26,1,0,0,1,0,1,0,0,1,1,1,1,1,1,1,1,0,1,1,1,0,1,1,0,1,1,1,0,1,1,1,1,1,1,1,0,0
292,26,33,0,0,1,0,1,0,0,1,1,1,1,1,1,1,1,0,1,1,1,0,1,1,0,1,1,1,0,1,1,1,1,1,1,1,0,0
293,26,29,1,0,1,0,1,0,0,1,1,1,1,1,1,1,1,0,1,1,1,0,1,1,0,1,1,1,0,1,1,1,1,1,1,1,0,0
294,26,24,0,1,0,0,1,0,0,1,1,1,1,1,1,1,1,0,1,1,1,0,1,1,0,1,1,1,0,1,1,1,1,1,1,1,0,0
295,27,32,0,0,0,0,1,0,0,1,1,1,1,1,1,1,1,0,1,1,1,0,1,1,0,1,1,1,1,1,1,1,1,1,1,1,0,0
296,27,13,0,0,1,0,1,0,0,1,1,1,1,1,1,1,1,0,1,1,1,0,1,1,0,1,1,1,1,1,1,1,1,1,1,1,0,0
297,27,4,0,1,0,0,1,0,0,1,1,1,1,1,1,1,1,0,1,1,1,0,1,1,0,1,1,1,1,1,1,1,1,1,1,1,0,0
298,27,3,0,1,1,0,1,0,0,1,1,1,1,1,1,1,1,0,1,1,1,0,1,1,0,1,1,1,1,1,1,1,1,1,1,1,0,0
299,27,20,0,0,1,0,1,0,0,1,1,1,1,1,1,1,1,0,1,1,1,0,1,1,0,1,1,1,1,1,1,1,1,1,1,1,0,0
300,27,1,0,0,1,0,1,0,0,1,1,1,1,1,1,1,1,0,1,1,1,0,1,1,0,1,1,1,1,1,1,1,1,1,1,1,0,0
301,27,17,1,0,1,0,1,0,0,1,1,1,1,1,1,1,1,0,1,1,1,0,1,1,0,1,1,1,1,1,1,1,1,1,1,1,0,0
302,27,33,0,1,1,0,1,0,0,1,1,1,1,1,1,1,1,0,1,1,1,0,1,1,0,1,1,1,1,1,1,1,1,1,1,1,0,0
303,27,29,0,1,1,0,1,0,0,1,1,1,1,1,1,1,1,0,1,1,1,0,1,1,0,1,1,1,1,1,1,1,1,1,1,1,0,0
304,28,32,1,0,0,0,1,0,0,1,1,1,1,1,1,1,1,0,1,1,1,0,1,1,0,1,1,1,1,1,1,1,1,1,1,1,0,0
305,28,13,0,0,1,0,1,0,0,1,1,1,1,1,1,1,1,0,1,1,1,0,1,1,0,1,1,1,1,1,1,1,1,1,1,1,0,0
306,28,4,1,1,1,0,1,0,0,1,1,1,1,1,1,1,1,0,1,1,1,0,1,1,0,1,1,1,1,1,1,1,1,1,1,1,0,0
307,28,3,0,1,1,0,1,0,0,1,1,1,1,1,1,1,1,0,1,1,1,0,1,1,0,1,1,1,1,1,1,1,1,1,1,1,0,0
308,28,20,0,1,1,0,1,0,0,1,1,1,1,1,1,1,1,0,1,1,1,0,1,1,0,1,1,1,1,1,1,1,1,1,1,1,0,0
309,28,17,1,0,1,0,1,0,0,1,1,1,1,1,1,1,1,0,1,1,1,0,1,1,0,1,1,1,1,1,1,1,1,1,1,1,0,0
310,28,1,0,1,1,0,1,0,0,1,1,1,1,1,1,1,1,0,1,1,1,0,1,1,0,1,1,1,1,1,1,1,1,1,1,1,0,0
311,28,33,0,1,1,0,1,0,0,1,1,1,1,1,1,1,1,0,1,1,1,0,1,1,0,1,1,1,1,1,1,1,1,1,1,1,0,0
312,28,29,0,0,1,0,1,0,0,1,1,1,1,1,1,1,1,0,1,1,1,0,1,1,0,1,1,1,1,1,1,1,1,1,1,1,0,0
313,29,27,0,0,1,0,1,0,0,1,1,1,1,1,1,1,1,0,1,1,1,1,1,1,0,1,1,1,0,1,1,0,1,1,1,1,0,0
314,29,13,0,0,1,0,1,0,0,1,1,1,1,1,1,1,1,0,1,1,1,1,1,1,0,1,1,1,0,1,1,0,1,1,1,1,0,0
315,29,4,1,1,1,0,1,0,0,1,1,1,1,1,1,1,1,0,1,1,1,1,1,1,0,1,1,1,0,1,1,0,1,1,1,1,0,0
316,29,3,0,1,1,0,1,0,0,1,1,1,1,1,1,1,1,0,1,1,1,1,1,1,0,1,1,1,0,1,1,0,1,1,1,1,0,0
317,29,20,0,0,1,0,1,0,0,1,1,1,1,1,1,1,1,0,1,1,1,1,1,1,0,1,1,1,0,1,1,0,1,1,1,1,0,0
318,29,32,0,0,1,0,1,0,0,1,1,1,1,1,1,1,1,0,1,1,1,1,1,1,0,1,1,1,0,1,1,0,1,1,1,1,0,0
319,29,33,0,0,0,0,1,0,0,1,1,1,1,1,1,1,1,0,1,1,1,1,1,1,0,1,1,1,0,1,1,0,1,1,1,1,0,0
320,29,29,1,0,0,0,1,0,0,1,1,1,1,1,1,1,1,0,1,1,1,1,1,1,0,1,1,1,0,1,1,0,1,1,1,1,0,0
321,29,1,0,0,0,0,1,0,0,1,1,1,1,1,1,1,1,0,1,1,1,1,1,1,0,1,1,1,0,1,1,0,1,1,1,1,0,0
322,29,24,0,0,1,0,1,0,0,1,1,1,1,1,1,1,1,0,1,1,1,1,1,1,0,1,1,1,0,1,1,0,1,1,1,1,0,0
323,30,32,1,0,0,1,1,0,0,1,1,1,0,1,1,1,1,0,1,1,1,0,1,1,1,1,1,1,0,1,1,0,1,1,1,1,0,0
324,30,13,0,0,1,1,1,0,0,1,1,1,0,1,1,1,1,0,1,1,1,0,1,1,1,1,1,1,0,1,1,0,1,1,1,1,0,0
325,30,4,0,1,0,1,1,0,0,1,1,1,0,1,1,1,1,0,1,1,1,0,1,1,1,1,1,1,0,1,1,0,1,1,1,1,0,0
326,30,3,0,0,1,1,1,0,0,1,1,1,0,1,1,1,1,0,1,1,1,0,1,1,1,1,1,1,0,1,1,0,1,1,1,1,0,0
327,30,27,0,1,1,1,1,0,0,1,1,1,0,1,1,1,1,0,1,1,1,0,1,1,1,1,1,1,0,1,1,0,1,1,1,1,0,0
328,30,24,0,1,1,1,1,0,0,1,1,1,0,1,1,1,1,0,1,1,1,0,1,1,1,1,1,1,0,1,1,0,1,1,1,1,0,0
329,30,17,1,1,1,1,1,0,0,1,1,1,0,1,1,1,1,0,1,1,1,0,1,1,1,1,1,1,0,1,1,0,1,1,1,1,0,0
330,30,29,0,1,1,1,1,0,0,1,1,1,0,1,1,1,1,0,1,1,1,0,1,1,1,1,1,1,0,1,1,0,1,1,1,1,0,0
331,30,33,0,0,1,1,1,0,0,1,1,1,0,1,1,1,1,0,1,1,1,0,1,1,1,1,1,1,0,1,1,0,1,1,1,1,0,0
332,30,8,0,0,1,1,1,0,0,1,1,1,0,1,1,1,1,0,1,1,1,0,1,1,1,1,1,1,0,1,1,0,1,1,1,1,0,0
333,31,27,0,0,1,0,1,0,0,1,1,1,1,1,1,1,1,0,1,1,1,1,1,1,0,1,1,1,0,1,1,0,1,1,1,1,0,0
334,31,13,0,1,1,0,1,0,0,1,1,1,1,1,1,1,1,0,1,1,1,1,1,1,0,1,1,1,0,1,1,0,1,1,1,1,0,0
335,31,4,0,0,0,0,1,0,0,1,1,1,1,1,1,1,1,0,1,1,1,1,1,1,0,1,1,1,0,1,1,0,1,1,1,1,0,0
336,31,3,0,0,1,0,1,0,0,1,1,1,1,1,1,1,1,0,1,1,1,1,1,1,0,1,1,1,0,1,1,0,1,1,1,1,0,0
337,31,20,0,1,1,0,1,0,0,1,1,1,1,1,1,1,1,0,1,1,1,1,1,1,0,1,1,1,0,1,1,0,1,1,1,1,0,0
338,31,32,0,1,0,0,1,0,0,1,1,1,1,1,1,1,1,0,1,1,1,1,1,1,0,1,1,1,0,1,1,0,1,1,1,1,0,0
339,31,24,0,0,1,0,1,0,0,1,1,1,1,1,1,1,1,0,1,1,1,1,1,1,0,1,1,1,0,1,1,0,1,1,1,1,0,0
340,31,1,0,0,1,0,1,0,0,1,1,1,1,1,1,1,1,0,1,1,1,1,1,1,0,1,1,1,0,1,1,0,1,1,1,1,0,0
341,31,29,0,0,0,0,1,0,0,1,1,1,1,1,1,1,1,0,1,1,1,1,1,1,0,1,1,1,0,1,1,0,1,1,1,1,0,0
342,31,33,0,0,0,0,1,0,0,1,1,1,1,1,1,1,1,0,1,1,1,1,1,1,0,1,1,1,0,1,1,0,1,1,1,1,0,0
343,32,27,0,0,1,0,1,0,0,1,1,1,1,1,1,1,1,0,1,1,0,0,1,1,0,1,1,1,0,0,1,0,1,1,1,1,0,0
344,32,13,0,0,1,0,1,0,0,1,1,1,1,1,1,1,1,0,1,1,0,0,1,1,0,1,1,1,0,0,1,0,1,1,1,1,0,0
345,32,4,1,0,0,0,1,0,0,1,1,1,1,1,1,1,1,0,1,1,0,0,1,1,0,1,1,1,0,0,1,0,1,1,1,1,0,0
346,32,3,0,1,1,0,1,0,0,1,1,1,1,1,1,1,1,0,1,1,0,0,1,1,0,1,1,1,0,0,1,0,1,1,1,1,0,0
347,32,20,0,0,1,0,1,0,0,1,1,1,1,1,1,1,1,0,1,1,0,0,1,1,0,1,1,1,0,0,1,0,1,1,1,1,0,0
348,32,1,0,0,0,0,1,0,0,1,1,1,1,1,1,1,1,0,1,1,0,0,1,1,0,1,1,1,0,0,1,0,1,1,1,1,0,0
349,32,25,0,0,1,0,1,0,0,1,1,1,1,1,1,1,1,0,1,1,0,0,1,1,0,1,1,1,0,0,1,0,1,1,1,1,0,0
350,32,16,0,0,1,0,1,0,0,1,1,1,1,1,1,1,1,0,1,1,0,0,1,1,0,1,1,1,0,0,1,0,1,1,1,1,0,0
351,32,32,0,0,0,0,1,0,0,1,1,1,1,1,1,1,1,0,1,1,0,0,1,1,0,1,1,1,0,0,1,0,1,1,1,1,0,0
352,32,24,0,0,0,0,1,0,0,1,1,1,1,1,1,1,1,0,1,1,0,0,1,1,0,1,1,1,0,0,1,0,1,1,1,1,0,0
353,32,29,0,0,0,0,1,0,0,1,1,1,1,1,1,1,1,0,1,1,0,0,1,1,0,1,1,1,0,0,1,0,1,1,1,1,0,0
354,32,33,0,0,0,0,1,0,0,1,1,1,1,1,1,1,1,0,1,1,0,0,1,1,0,1,1,1,0,0,1,0,1,1,1,1,0,0
355,32,17,0,0,0,0,1,0,0,1,1,1,1,1,1,1,1,0,1,1,0,0,1,1,0,1,1,1,0,0,1,0,1,1,1,1,0,0
356,33,27,0,0,1,0,1,0,0,1,1,1,1,1,1,1,1,0,1,1,0,0,1,1,0,1,1,1,0,0,1,0,1,1,1,1,0,0
357,33,13,0,0,1,0,1,0,0,1,1,1,1,1,1,1,1,0,1,1,0,0,1,1,0,1,1,1,0,0,1,0,1,1,1,1,0,0
358,33,4,1,1,0,0,1,0,0,1,1,1,1,1,1,1,1,0,1,1,0,0,1,1,0,1,1,1,0,0,1,0,1,1,1,1,0,0
359,33,3,0,0,1,0,1,0,0,1,1,1,1,1,1,1,1,0,1,1,0,0,1,1,0,1,1,1,0,0,1,0,1,1,1,1,0,0
360,33,20,0,1,1,0,1,0,0,1,1,1,1,1,1,1,1,0,1,1,0,0,1,1,0,1,1,1,0,0,1,0,1,1,1,1,0,0
361,33,1,1,0,1,0,1,0,0,1,1,1,1,1,1,1,1,0,1,1,0,0,1,1,0,1,1,1,0,0,1,0,1,1,1,1,0,0
362,33,16,0,0,1,0,1,0,0,1,1,1,1,1,1,1,1,0,1,1,0,0,1,1,0,1,1,1,0,0,1,0,1,1,1,1,0,0
363,33,25,0,0,1,0,1,0,0,1,1,1,1,1,1,1,1,0,1,1,0,0,1,1,0,1,1,1,0,0,1,0,1,1,1,1,0,0
364,33,32,0,0,1,0,1,0,0,1,1,1,1,1,1,1,1,0,1,1,0,0,1,1,0,1,1,1,0,0,1,0,1,1,1,1,0,0
365,33,17,0,0,0,0,1,0,0,1,1,1,1,1,1,1,1,0,1,1,0,0,1,1,0,1,1,1,0,0,1,0,1,1,1,1,0,0
366,33,29,0,0,0,0,1,0,0,1,1,1,1,1,1,1,1,0,1,1,0,0,1,1,0,1,1,1,0,0,1,0,1,1,1,1,0,0
367,33,24,0,0,0,0,1,0,0,1,1,1,1,1,1,1,1,0,1,1,0,0,1,1,0,1,1,1,0,0,1,0,1,1,1,1,0,0
368,33,33,0,0,0,0,1,0,0,1,1,1,1,1,1,1,1,0,1,1,0,0,1,1,0,1,1,1,0,0,1,0,1,1,1,1,0,0
369,34,27,0,0,1,0,1,0,1,1,1,1,1,1,1,1,1,0,1,1,0,0,1,1,0,1,1,1,0,1,1,0,1,1,1,1,1,0
370,34,13,0,0,1,0,1,0,1,1,1,1,1,1,1,1,1,0,1,1,0,0,1,1,0,1,1,1,0,1,1,0,1,1,1,1,1,0
371,34,29,0,1,1,0,1,0,1,1,1,1,1,1,1,1,1,0,1,1,0,0,1,1,0,1,1,1,0,1,1,0,1,1,1,1,1,0
372,34,3,0,1,1,0,1,0,1,1,1,1,1,1,1,1,1,0,1,1,0,0,1,1,0,1,1,1,0,1,1,0,1,1,1,1,1,0
373,34,20,0,1,1,0,1,0,1,1,1,1,1,1,1,1,1,0,1,1,0,0,1,1,0,1,1,1,0,1,1,0,1,1,1,1,1,0
374,34,1,0,1,1,0,1,0,1,1,1,1,1,1,1,1,1,0,1,1,0,0,1,1,0,1,1,1,0,1,1,0,1,1,1,1,1,0
375,34,17,0,0,0,0,1,0,1,1,1,1,1,1,1,1,1,0,1,1,0,0,1,1,0,1,1,1,0,1,1,0,1,1,1,1,1,0
376,34,16,0,0,0,0,1,0,1,1,1,1,1,1,1,1,1,0,1,1,0,0,1,1,0,1,1,1,0,1,1,0,1,1,1,1,1,0
377,34,24,0,0,0,0,1,0,1,1,1,1,1,1,1,1,1,0,1,1,0,0,1,1,0,1,1,1,0,1,1,0,1,1,1,1,1,0
378,34,33,0,0,1,0,1,0,1,1,1,1,1,1,1,1,1,0,1,1,0,0,1,1,0,1,1,1,0,1,1,0,1,1,1,1,1,0
379,35,27,0,1,1,0,1,0,0,1,1,1,1,1,1,1,1,0,1,1,0,1,1,1,0,1,1,1,0,1,1,0,1,1,1,1,1,0
380,35,13,0,0,1,0,1,0,0,1,1,1,1,1,1,1,1,0,1,1,0,1,1,1,0,1,1,1,0,1,1,0,1,1,1,1,1,0
381,35,4,1,1,1,0,1,0,0,1,1,1,1,1,1,1,1,0,1,1,0,1,1,1,0,1,1,1,0,1,1,0,1,1,1,1,1,0
382,35,3,0,1,1,0,1,0,0,1,1,1,1,1,1,1,1,0,1,1,0,1,1,1,0,1,1,1,0,1,1,0,1,1,1,1,1,0
383,35,20,0,0,1,0,1,0,0,1,1,1,1,1,1,1,1,0,1,1,0,1,1,1,0,1,1,1,0,1,1,0,1,1,1,1,1,0
384,35,1,0,0,0,0,1,0,0,1,1,1,1,1,1,1,1,0,1,1,0,1,1,1,0,1,1,1,0,1,1,0,1,1,1,1,1,0
385,35,16,0,1,0,0,1,0,0,1,1,1,1,1,1,1,1,0,1,1,0,1,1,1,0,1,1,1,0,1,1,0,1,1,1,1,1,0
386,35,33,0,0,1,0,1,0,0,1,1,1,1,1,1,1,1,0,1,1,0,1,1,1,0,1,1,1,0,1,1,0,1,1,1,1,1,0
387,35,24,0,0,0,0,1,0,0,1,1,1,1,1,1,1,1,0,1,1,0,1,1,1,0,1,1,1,0,1,1,0,1,1,1,1,1,0
388,35,29,0,0,0,0,1,0,0,1,1,1,1,1,1,1,1,0,1,1,0,1,1,1,0,1,1,1,0,1,1,0,1,1,1,1,1,0
389,36,16,0,0,1,0,1,0,0,1,1,1,1,1,1,1,1,0,1,1,0,0,1,1,1,1,1,1,1,1,1,0,1,1,1,1,0,0
390,36,29,0,0,0,0,1,0,0,1,1,1,1,1,1,1,1,0,1,1,0,0,1,1,1,1,1,1,1,1,1,0,1,1,1,1,0,0
391,36,13,0,1,1,0,1,0,0,1,1,1,1,1,1,1,1,0,1,1,0,0,1,1,1,1,1,1,1,1,1,0,1,1,1,1,0,0
392,36,3,0,0,1,0,1,0,0,1,1,1,1,1,1,1,1,0,1,1,0,0,1,1,1,1,1,1,1,1,1,0,1,1,1,1,0,0
393,36,27,0,1,1,0,1,0,0,1,1,1,1,1,1,1,1,0,1,1,0,0,1,1,1,1,1,1,1,1,1,0,1,1,1,1,0,0
394,36,32,0,0,1,0,1,0,0,1,1,1,1,1,1,1,1,0,1,1,0,0,1,1,1,1,1,1,1,1,1,0,1,1,1,1,0,0
395,36,33,0,1,1,0,1,0,0,1,1,1,1,1,1,1,1,0,1,1,0,0,1,1,1,1,1,1,1,1,1,0,1,1,1,1,0,0
396,36,4,1,1,0,0,1,0,0,1,1,1,1,1,1,1,1,0,1,1,0,0,1,1,1,1,1,1,1,1,1,0,1,1,1,1,0,0
397,36,1,0,0,1,0,1,0,0,1,1,1,1,1,1,1,1,0,1,1,0,0,1,1,1,1,1,1,1,1,1,0,1,1,1,1,0,0
398,36,17,0,0,0,0,1,0,0,1,1,1,1,1,1,1,1,0,1,1,0,0,1,1,1,1,1,1,1,1,1,0,1,1,1,1,0,0
399,37,16,0,1,1,1,1,0,0,1,1,1,1,1,1,1,0,1,1,1,0,0,0,1,1,1,1,1,0,1,1,0,1,1,1,1,0,0
400,37,32,0,1,1,1,1,0,0,1,1,1,1,1,1,1,0,1,1,1,0,0,0,1,1,1,1,1,0,1,1,0,1,1,1,1,0,0
401,37,4,0,1,0,1,1,0,0,1,1,1,1,1,1,1,0,1,1,1,0,0,0,1,1,1,1,1,0,1,1,0,1,1,1,1,0,0
402,37,3,0,0,1,1,1,0,0,1,1,1,1,1,1,1,0,1,1,1,0,0,0,1,1,1,1,1,0,1,1,0,1,1,1,1,0,0
403,37,27,0,0,1,1,1,0,0,1,1,1,1,1,1,1,0,1,1,1,0,0,0,1,1,1,1,1,0,1,1,0,1,1,1,1,0,0
404,37,17,1,1,0,1,1,0,0,1,1,1,1,1,1,1,0,1,1,1,0,0,0,1,1,1,1,1,0,1,1,0,1,1,1,1,0,0
405,37,33,0,0,1,1,1,0,0,1,1,1,1,1,1,1,0,1,1,1,0,0,0,1,1,1,1,1,0,1,1,0,1,1,1,1,0,0
406,37,24,0,1,1,1,1,0,0,1,1,1,1,1,1,1,0,1,1,1,0,0,0,1,1,1,1,1,0,1,1,0,1,1,1,1,0,0
407,37,29,1,1,1,1,1,0,0,1,1,1,1,1,1,1,0,1,1,1,0,0,0,1,1,1,1,1,0,1,1,0,1,1,1,1,0,0
408,37,12,0,0,0,1,1,0,0,1,1,1,1,1,1,1,0,1,1,1,0,0,0,1,1,1,1,1,0,1,1,0,1,1,1,1,0,0
409,37,18,0,0,0,1,1,0,0,1,1,1,1,1,1,1,0,1,1,1,0,0,0,1,1,1,1,1,0,1,1,0,1,1,1,1,0,0
410,38,32,0,0,1,1,1,0,1,1,1,1,0,1,1,1,0,0,1,1,0,0,0,1,1,1,1,1,0,1,1,1,1,1,1,1,0,0
411,38,13,0,0,1,1,1,0,1,1,1,1,0,1,1,1,0,0,1,1,0,0,0,1,1,1,1,1,0,1,1,1,1,1,1,1,0,0
412,38,29,1,1,1,1,1,0,1,1,1,1,0,1,1,1,0,0,1,1,0,0,0,1,1,1,1,1,0,1,1,1,1,1,1,1,0,0
413,38,16,0,1,1,1,1,0,1,1,1,1,0,1,1,1,0,0,1,1,0,0,0,1,1,1,1,1,0,1,1,1,1,1,1,1,0,0
414,38,3,0,0,1,1,1,0,1,1,1,1,0,1,1,1,0,0,1,1,0,0,0,1,1,1,1,1,0,1,1,1,1,1,1,1,0,0
415,38,33,0,1,1,1,1,0,1,1,1,1,0,1,1,1,0,0,1,1,0,0,0,1,1,1,1,1,0,1,1,1,1,1,1,1,0,0
416,38,24,0,1,1,1,1,0,1,1,1,1,0,1,1,1,0,0,1,1,0,0,0,1,1,1,1,1,0,1,1,1,1,1,1,1,0,0
417,38,17,0,0,0,1,1,0,1,1,1,1,0,1,1,1,0,0,1,1,0,0,0,1,1,1,1,1,0,1,1,1,1,1,1,1,0,0
418,38,8,0,1,0,1,1,0,1,1,1,1,0,1,1,1,0,0,1,1,0,0,0,1,1,1,1,1,0,1,1,1,1,1,1,1,0,0
419,38,18,0,0,1,1,1,0,1,1,1,1,0,1,1,1,0,0,1,1,0,0,0,1,1,1,1,1,0,1,1,1,1,1,1,1,0,0
420,38,12,0,0,0,1,1,0,1,1,1,1,0,1,1,1,0,0,1,1,0,0,0,1,1,1,1,1,0,1,1,1,1,1,1,1,0,0
421,39,32,0,1,1,1,1,1,1,1,1,1,0,1,1,1,0,1,1,1,0,0,0,1,1,1,1,1,0,1,1,1,1,1,1,1,0,0
422,39,24,0,0,1,1,1,1,1,1,1,1,0,1,1,1,0,1,1,1,0,0,0,1,1,1,1,1,0,1,1,1,1,1,1,1,0,0
423,39,29,0,1,1,1,1,1,1,1,1,1,0,1,1,1,0,1,1,1,0,0,0,1,1,1,1,1,0,1,1,1,1,1,1,1,0,0
424,39,16,0,0,1,1,1,1,1,1,1,1,0,1,1,1,0,1,1,1,0,0,0,1,1,1,1,1,0,1,1,1,1,1,1,1,0,0
425,39,8,0,1,1,1,1,1,1,1,1,1,0,1,1,1,0,1,1,1,0,0,0,1,1,1,1,1,0,1,1,1,1,1,1,1,0,0
426,39,18,0,0,0,1,1,1,1,1,1,1,0,1,1,1,0,1,1,1,0,0,0,1,1,1,1,1,0,1,1,1,1,1,1,1,0,0
427,39,17,0,0,0,1,1,1,1,1,1,1,0,1,1,1,0,1,1,1,0,0,0,1,1,1,1,1,0,1,1,1,1,1,1,1,0,0
428,39,33,0,1,1,1,1,1,1,1,1,1,0,1,1,1,0,1,1,1,0,0,0,1,1,1,1,1,0,1,1,1,1,1,1,1,0,0
429,39,12,0,0,1,1,1,1,1,1,1,1,0,1,1,1,0,1,1,1,0,0,0,1,1,1,1,1,0,1,1,1,1,1,1,1,0,0
430,40,32,0,1,1,0,1,1,1,1,1,1,0,1,1,1,0,0,1,1,0,1,1,1,1,1,1,1,0,1,1,1,1,1,1,1,0,0
431,40,13,0,1,1,0,1,1,1,1,1,1,0,1,1,1,0,0,1,1,0,1,1,1,1,1,1,1,0,1,1,1,1,1,1,1,0,0
432,40,29,0,1,0,0,1,1,1,1,1,1,0,1,1,1,0,0,1,1,0,1,1,1,1,1,1,1,0,1,1,1,1,1,1,1,0,0
433,40,33,0,0,1,0,1,1,1,1,1,1,0,1,1,1,0,0,1,1,0,1,1,1,1,1,1,1,0,1,1,1,1,1,1,1,0,0
434,40,16,0,1,1,0,1,1,1,1,1,1,0,1,1,1,0,0,1,1,0,1,1,1,1,1,1,1,0,1,1,1,1,1,1,1,0,0
435,40,1,0,0,1,0,1,1,1,1,1,1,0,1,1,1,0,0,1,1,0,1,1,1,1,1,1,1,0,1,1,1,1,1,1,1,0,0
436,40,24,1,1,1,0,1,1,1,1,1,1,0,1,1,1,0,0,1,1,0,1,1,1,1,1,1,1,0,1,1,1,1,1,1,1,0,0
437,40,12,0,0,1,0,1,1,1,1,1,1,0,1,1,1,0,0,1,1,0,1,1,1,1,1,1,1,0,1,1,1,1,1,1,1,0,0
438,40,8,0,0,1,0,1,1,1,1,1,1,0,1,1,1,0,0,1,1,0,1,1,1,1,1,1,1,0,1,1,1,1,1,1,1,0,0
439,41,32,0,1,1,0,1,1,1,1,1,1,0,1,1,1,0,0,1,1,0,0,1,1,1,1,1,1,0,1,1,1,1,1,1,1,0,0
440,41,13,0,0,1,0,1,1,1,1,1,1,0,1,1,1,0,0,1,1,0,0,1,1,1,1,1,1,0,1,1,1,1,1,1,1,0,0
441,41,29,0,1,1,0,1,1,1,1,1,1,0,1,1,1,0,0,1,1,0,0,1,1,1,1,1,1,0,1,1,1,1,1,1,1,0,0
442,41,17,0,0,1,0,1,1,1,1,1,1,0,1,1,1,0,0,1,1,0,0,1,1,1,1,1,1,0,1,1,1,1,1,1,1,0,0
443,41,16,0,0,1,0,1,1,1,1,1,1,0,1,1,1,0,0,1,1,0,0,1,1,1,1,1,1,0,1,1,1,1,1,1,1,0,0
444,41,12,0,0,0,0,1,1,1,1,1,1,0,1,1,1,0,0,1,1,0,0,1,1,1,1,1,1,0,1,1,1,1,1,1,1,0,0
445,41,33,0,1,0,0,1,1,1,1,1,1,0,1,1,1,0,0,1,1,0,0,1,1,1,1,1,1,0,1,1,1,1,1,1,1,0,0
446,41,1,0,0,1,0,1,1,1,1,1,1,0,1,1,1,0,0,1,1,0,0,1,1,1,1,1,1,0,1,1,1,1,1,1,1,0,0
447,41,8,0,0,0,0,1,1,1,1,1,1,0,1,1,1,0,0,1,1,0,0,1,1,1,1,1,1,0,1,1,1,1,1,1,1,0,0
448,41,24,0,0,1,0,1,1,1,1,1,1,0,1,1,1,0,0,1,1,0,0,1,1,1,1,1,1,0,1,1,1,1,1,1,1,0,0
449,42,32,0,0,1,0,1,1,1,1,1,1,0,1,1,1,0,0,1,1,0,0,1,1,1,1,1,0,0,1,1,1,1,1,1,1,0,0
450,42,1,0,1,0,0,1,1,1,1,1,1,0,1,1,1,0,0,1,1,0,0,1,1,1,1,1,0,0,1,1,1,1,1,1,1,0,0
451,42,13,0,1,1,0,1,1,1,1,1,1,0,1,1,1,0,0,1,1,0,0,1,1,1,1,1,0,0,1,1,1,1,1,1,1,0,0
452,42,16,0,1,1,0,1,1,1,1,1,1,0,1,1,1,0,0,1,1,0,0,1,1,1,1,1,0,0,1,1,1,1,1,1,1,0,0
453,42,17,1,1,0,0,1,1,1,1,1,1,0,1,1,1,0,0,1,1,0,0,1,1,1,1,1,0,0,1,1,1,1,1,1,1,0,0
454,42,24,0,1,1,0,1,1,1,1,1,1,0,1,1,1,0,0,1,1,0,0,1,1,1,1,1,0,0,1,1,1,1,1,1,1,0,0
455,42,8,0,0,1,0,1,1,1,1,1,1,0,1,1,1,0,0,1,1,0,0,1,1,1,1,1,0,0,1,1,1,1,1,1,1,0,0
456,42,33,0,0,1,0,1,1,1,1,1,1,0,1,1,1,0,0,1,1,0,0,1,1,1,1,1,0,0,1,1,1,1,1,1,1,0,0
457,42,12,0,0,1,0,1,1,1,1,1,1,0,1,1,1,0,0,1,1,0,0,1,1,1,1,1,0,0,1,1,1,1,1,1,1,0,0
458,42,23,0,0,0,0,1,1,1,1,1,1,0,1,1,1,0,0,1,1,0,0,1,1,1,1,1,0,0,1,1,1,1,1,1,1,0,0
459,43,32,0,0,1,0,1,1,1,1,1,1,0,1,1,1,0,0,1,1,0,0,1,1,1,1,1,1,0,1,1,1,1,1,1,1,0,0
460,43,1,0,1,1,0,1,1,1,1,1,1,0,1,1,1,0,0,1,1,0,0,1,1,1,1,1,1,0,1,1,1,1,1,1,1,0,0
461,43,13,0,1,1,0,1,1,1,1,1,1,0,1,1,1,0,0,1,1,0,0,1,1,1,1,1,1,0,1,1,1,1,1,1,1,0,0
462,43,16,0,1,1,0,1,1,1,1,1,1,0,1,1,1,0,0,1,1,0,0,1,1,1,1,1,1,0,1,1,1,1,1,1,1,0,0
463,43,17,1,1,1,0,1,1,1,1,1,1,0,1,1,1,0,0,1,1,0,0,1,1,1,1,1,1,0,1,1,1,1,1,1,1,0,0
464,43,33,0,1,1,0,1,1,1,1,1,1,0,1,1,1,0,0,1,1,0,0,1,1,1,1,1,1,0,1,1,1,1,1,1,1,0,0
465,43,24,1,1,1,0,1,1,1,1,1,1,0,1,1,1,0,0,1,1,0,0,1,1,1,1,1,1,0,1,1,1,1,1,1,1,0,0
466,43,12,0,0,1,0,1,1,1,1,1,1,0,1,1,1,0,0,1,1,0,0,1,1,1,1,1,1,0,1,1,1,1,1,1,1,0,0
467,43,8,0,0,1,0,1,1,1,1,1,1,0,1,1,1,0,0,1,1,0,0,1,1,1,1,1,1,0,1,1,1,1,1,1,1,0,0
468,43,29,0,1,0,0,1,1,1,1,1,1,0,1,1,1,0,0,1,1,0,0,1,1,1,1,1,1,0,1,1,1,1,1,1,1,0,0
469,44,32,0,1,1,1,1,1,1,1,1,1,0,1,1,1,0,0,1,1,1,0,1,1,1,1,1,0,0,1,1,1,1,1,1,1,0,0
470,44,24,0,1,1,1,1,1,1,1,1,1,0,1,1,1,0,0,1,1,1,0,1,1,1,1,1,0,0,1,1,1,1,1,1,1,0,0
471,44,13,0,1,1,1,1,1,1,1,1,1,0,1,1,1,0,0,1,1,1,0,1,1,1,1,1,0,0,1,1,1,1,1,1,1,0,0
472,44,17,1,0,1,1,1,1,1,1,1,1,0,1,1,1,0,0,1,1,1,0,1,1,1,1,1,0,0,1,1,1,1,1,1,1,0,0
473,44,8,0,1,1,1,1,1,1,1,1,1,0,1,1,1,0,0,1,1,1,0,1,1,1,1,1,0,0,1,1,1,1,1,1,1,0,0
474,44,12,0,1,1,1,1,1,1,1,1,1,0,1,1,1,0,0,1,1,1,0,1,1,1,1,1,0,0,1,1,1,1,1,1,1,0,0
475,44,33,0,0,0,1,1,1,1,1,1,1,0,1,1,1,0,0,1,1,1,0,1,1,1,1,1,0,0,1,1,1,1,1,1,1,0,0
476,44,23,0,1,1,1,1,1,1,1,1,1,0,1,1,1,0,0,1,1,1,0,1,1,1,1,1,0,0,1,1,1,1,1,1,1,0,0
477,44,29,0,0,1,1,1,1,1,1,1,1,0,1,1,1,0,0,1,1,1,0,1,1,1,1,1,0,0,1,1,1,1,1,1,1,0,0
478,45,32,0,1,1,0,1,1,1,1,1,1,0,1,1,1,0,0,1,1,0,0,1,1,1,1,1,1,0,1,1,1,1,1,1,1,0,0
479,45,1,0,1,1,0,1,1,1,1,1,1,0,1,1,1,0,0,1,1,0,0,1,1,1,1,1,1,0,1,1,1,1,1,1,1,0,0
480,45,13,0,0,1,0,1,1,1,1,1,1,0,1,1,1,0,0,1,1,0,0,1,1,1,1,1,1,0,1,1,1,1,1,1,1,0,0
481,45,16,0,1,1,0,1,1,1,1,1,1,0,1,1,1,0,0,1,1,0,0,1,1,1,1,1,1,0,1,1,1,1,1,1,1,0,0
482,45,17,0,0,1,0,1,1,1,1,1,1,0,1,1,1,0,0,1,1,0,0,1,1,1,1,1,1,0,1,1,1,1,1,1,1,0,0
483,45,33,0,1,1,0,1,1,1,1,1,1,0,1,1,1,0,0,1,1,0,0,1,1,1,1,1,1,0,1,1,1,1,1,1,1,0,0
484,45,24,1,1,0,0,1,1,1,1,1,1,0,1,1,1,0,0,1,1,0,0,1,1,1,1,1,1,0,1,1,1,1,1,1,1,0,0
485,45,12,0,0,1,0,1,1,1,1,1,1,0,1,1,1,0,0,1,1,0,0,1,1,1,1,1,1,0,1,1,1,1,1,1,1,0,0
486,45,29,0,0,1,0,1,1,1,1,1,1,0,1,1,1,0,0,1,1,0,0,1,1,1,1,1,1,0,1,1,1,1,1,1,1,0,0
487,45,8,0,0,0,0,1,1,1,1,1,1,0,1,1,1,0,0,1,1,0,0,1,1,1,1,1,1,0,1,1,1,1,1,1,1,0,0
488,46,32,0,0,1,0,1,1,1,1,1,1,0,1,1,1,0,0,1,1,1,0,1,1,1,1,1,0,0,1,1,1,1,1,1,1,0,0
489,46,1,0,0,1,0,1,1,1,1,1,1,0,1,1,1,0,0,1,1,1,0,1,1,1,1,1,0,0,1,1,1,1,1,1,1,0,0
490,46,13,0,1,1,0,1,1,1,1,1,1,0,1,1,1,0,0,1,1,1,0,1,1,1,1,1,0,0,1,1,1,1,1,1,1,0,0
491,46,24,0,0,1,0,1,1,1,1,1,1,0,1,1,1,0,0,1,1,1,0,1,1,1,1,1,0,0,1,1,1,1,1,1,1,0,0
492,46,17,1,1,1,0,1,1,1,1,1,1,0,1,1,1,0,0,1,1,1,0,1,1,1,1,1,0,0,1,1,1,1,1,1,1,0,0
493,46,23,0,0,1,0,1,1,1,1,1,1,0,1,1,1,0,0,1,1,1,0,1,1,1,1,1,0,0,1,1,1,1,1,1,1,0,0
494,46,12,0,0,1,0,1,1,1,1,1,1,0,1,1,1,0,0,1,1,1,0,1,1,1,1,1,0,0,1,1,1,1,1,1,1,0,0
495,46,33,0,1,1,0,1,1,1,1,1,1,0,1,1,1,0,0,1,1,1,0,1,1,1,1,1,0,0,1,1,1,1,1,1,1,0,0
496,46,29,0,0,0,0,1,1,1,1,1,1,0,1,1,1,0,0,1,1,1,0,1,1,1,1,1,0,0,1,1,1,1,1,1,1,0,0
497,46,8,0,0,1,0,1,1,1,1,1,1,0,1,1,1,0,0,1,1,1,0,1,1,1,1,1,0,0,1,1,1,1,1,1,1,0,0
498,47,1,0,0,1,0,1,1,1,1,1,1,0,1,1,0,0,0,1,1,1,1,1,1,1,1,1,0,0,1,1,1,1,1,1,1,1,1
499,47,13,0,0,1,0,1,1,1,1,1,1,0,1,1,0,0,0,1,1,1,1,1,1,1,1,1,0,0,1,1,1,1,1,1,1,1,1
500,47,29,0,1,1,0,1,1,1,1,1,1,0,1,1,0,0,0,1,1,1,1,1,1,1,1,1,0,0,1,1,1,1,1,1,1,1,1
501,47,24,1,1,1,0,1,1,1,1,1,1,0,1,1,0,0,0,1,1,1,1,1,1,1,1,1,0,0,1,1,1,1,1,1,1,1,1
502,47,23,0,1,1,0,1,1,1,1,1,1,0,1,1,0,0,0,1,1,1,1,1,1,1,1,1,0,0,1,1,1,1,1,1,1,1,1
503,47,8,0,1,1,0,1,1,1,1,1,1,0,1,1,0,0,0,1,1,1,1,1,1,1,1,1,0,0,1,1,1,1,1,1,1,1,1
504,47,11,0,1,1,0,1,1,1,1,1,1,0,1,1,0,0,0,1,1,1,1,1,1,1,1,1,0,0,1,1,1,1,1,1,1,1,1
505,47,12,0,1,1,0,1,1,1,1,1,1,0,1,1,0,0,0,1,1,1,1,1,1,1,1,1,0,0,1,1,1,1,1,1,1,1,1
506,48,32,0,0,1,0,1,1,1,1,1,1,0,1,1,1,0,0,1,0,1,0,1,1,1,1,1,0,0,1,1,1,1,1,1,1,0,1
507,48,1,0,1,1,0,1,1,1,1,1,1,0,1,1,1,0,0,1,0,1,0,1,1,1,1,1,0,0,1,1,1,1,1,1,1,0,1
508,48,13,0,1,1,0,1,1,1,1,1,1,0,1,1,1,0,0,1,0,1,0,1,1,1,1,1,0,0,1,1,1,1,1,1,1,0,1
509,48,17,1,0,1,0,1,1,1,1,1,1,0,1,1,1,0,0,1,0,1,0,1,1,1,1,1,0,0,1,1,1,1,1,1,1,0,1
510,48,23,0,0,1,0,1,1,1,1,1,1,0,1,1,1,0,0,1,0,1,0,1,1,1,1,1,0,0,1,1,1,1,1,1,1,0,1
511,48,12,0,1,1,0,1,1,1,1,1,1,0,1,1,1,0,0,1,0,1,0,1,1,1,1,1,0,0,1,1,1,1,1,1,1,0,1
512,48,8,0,1,1,0,1,1,1,1,1,1,0,1,1,1,0,0,1,0,1,0,1,1,1,1,1,0,0,1,1,1,1,1,1,1,0,1
513,48,24,0,1,0,0,1,1,1,1,1,1,0,1,1,1,0,0,1,0,1,0,1,1,1,1,1,0,0,1,1,1,1,1,1,1,0,1
514,48,15,0,0,0,0,1,1,1,1,1,1,0,1,1,1,0,0,1,0,1,0,1,1,1,1,1,0,0,1,1,1,1,1,1,1,0,1
515,49,32,0,1,1,0,1,1,1,1,0,1,0,1,1,0,0,0,1,1,0,0,1,1,1,1,1,1,0,0,1,1,1,1,1,1,0,1
516,49,1,0,0,0,0,1,1,1,1,0,1,0,1,1,0,0,0,1,1,0,0,1,1,1,1,1,1,0,0,1,1,1,1,1,1,0,1
517,49,13,0,0,1,0,1,1,1,1,0,1,0,1,1,0,0,0,1,1,0,0,1,1,1,1,1,1,0,0,1,1,1,1,1,1,0,1
518,49,17,1,1,0,0,1,1,1,1,0,1,0,1,1,0,0,0,1,1,0,0,1,1,1,1,1,1,0,0,1,1,1,1,1,1,0,1
519,49,8,0,1,1,0,1,1,1,1,0,1,0,1,1,0,0,0,1,1,0,0,1,1,1,1,1,1,0,0,1,1,1,1,1,1,0,1
520,49,12,0,0,0,0,1,1,1,1,0,1,0,1,1,0,0,0,1,1,0,0,1,1,1,1,1,1,0,0,1,1,1,1,1,1,0,1
521,49,16,0,0,1,0,1,1,1,1,0,1,0,1,1,0,0,0,1,1,0,0,1,1,1,1,1,1,0,0,1,1,1,1,1,1,0,1
522,49,25,0,1,1,0,1,1,1,1,0,1,0,1,1,0,0,0,1,1,0,0,1,1,1,1,1,1,0,0,1,1,1,1,1,1,0,1
523,49,6,0,1,0,0,1,1,1,1,0,1,0,1,1,0,0,0,1,1,0,0,1,1,1,1,1,1,0,0,1,1,1,1,1,1,0,1
524,49,24,0,1,1,0,1,1,1,1,0,1,0,1,1,0,0,0,1,1,0,0,1,1,1,1,1,1,0,0,1,1,1,1,1,1,0,1
525,49,11,0,0,0,0,1,1,1,1,0,1,0,1,1,0,0,0,1,1,0,0,1,1,1,1,1,1,0,0,1,1,1,1,1,1,0,1
526,50,12,0,0,1,1,1,1,1,1,0,1,0,1,1,0,0,1,1,0,0,1,1,1,1,1,1,0,0,1,1,1,1,1,1,1,1,1
527,50,24,1,0,1,1,1,1,1,1,0,1,0,1,1,0,0,1,1,0,0,1,1,1,1,1,1,0,0,1,1,1,1,1,1,1,1,1
528,50,15,0,0,1,1,1,1,1,1,0,1,0,1,1,0,0,1,1,0,0,1,1,1,1,1,1,0,0,1,1,1,1,1,1,1,1,1
529,50,16,0,0,1,1,1,1,1,1,0,1,0,1,1,0,0,1,1,0,0,1,1,1,1,1,1,0,0,1,1,1,1,1,1,1,1,1
530,50,8,0,1,1,1,1,1,1,1,0,1,0,1,1,0,0,1,1,0,0,1,1,1,1,1,1,0,0,1,1,1,1,1,1,1,1,1
531,50,6,1,1,0,1,1,1,1,1,0,1,0,1,1,0,0,1,1,0,0,1,1,1,1,1,1,0,0,1,1,1,1,1,1,1,1,1
532,50,23,0,0,1,1,1,1,1,1,0,1,0,1,1,0,0,1,1,0,0,1,1,1,1,1,1,0,0,1,1,1,1,1,1,1,1,1
533,50,11,0,1,1,1,1,1,1,1,0,1,0,1,1,0,0,1,1,0,0,1,1,1,1,1,1,0,0,1,1,1,1,1,1,1,1,1
534,51,1,0,1,1,0,1,1,1,1,0,1,0,1,1,1,0,1,1,0,0,0,1,1,1,1,1,1,0,0,1,1,1,1,1,1,0,1
535,51,32,0,1,1,0,1,1,1,1,0,1,0,1,1,1,0,1,1,0,0,0,1,1,1,1,1,1,0,0,1,1,1,1,1,1,0,1
536,51,15,0,1,1,0,1,1,1,1,0,1,0,1,1,1,0,1,1,0,0,0,1,1,1,1,1,1,0,0,1,1,1,1,1,1,0,1
537,51,8,0,1,1,0,1,1,1,1,0,1,0,1,1,1,0,1,1,0,0,0,1,1,1,1,1,1,0,0,1,1,1,1,1,1,0,1
538,51,17,0,1,1,0,1,1,1,1,0,1,0,1,1,1,0,1,1,0,0,0,1,1,1,1,1,1,0,0,1,1,1,1,1,1,0,1
539,51,16,0,1,1,0,1,1,1,1,0,1,0,1,1,1,0,1,1,0,0,0,1,1,1,1,1,1,0,0,1,1,1,1,1,1,0,1
540,51,25,0,0,1,0,1,1,1,1,0,1,0,1,1,1,0,1,1,0,0,0,1,1,1,1,1,1,0,0,1,1,1,1,1,1,0,1
541,51,6,0,1,1,0,1,1,1,1,0,1,0,1,1,1,0,1,1,0,0,0,1,1,1,1,1,1,0,0,1,1,1,1,1,1,0,1
542,51,12,0,0,1,0,1,1,1,1,0,1,0,1,1,1,0,1,1,0,0,0,1,1,1,1,1,1,0,0,1,1,1,1,1,1,0,1
543,51,24,0,1,1,0,1,1,1,1,0,1,0,1,1,1,0,1,1,0,0,0,1,1,1,1,1,1,0,0,1,1,1,1,1,1,0,1
544,52,32,1,1,1,0,1,1,1,1,0,1,0,1,1,1,0,0,1,0,1,0,1,1,1,1,1,0,1,1,1,1,1,1,1,1,0,1
545,52,1,0,0,1,0,1,1,1,1,0,1,0,1,1,1,0,0,1,0,1,0,1,1,1,1,1,0,1,1,1,1,1,1,1,1,0,1
546,52,13,0,1,1,0,1,1,1,1,0,1,0,1,1,1,0,0,1,0,1,0,1,1,1,1,1,0,1,1,1,1,1,1,1,1,0,1
547,52,17,0,0,0,0,1,1,1,1,0,1,0,1,1,1,0,0,1,0,1,0,1,1,1,1,1,0,1,1,1,1,1,1,1,1,0,1
548,52,23,0,1,1,0,1,1,1,1,0,1,0,1,1,1,0,0,1,0,1,0,1,1,1,1,1,0,1,1,1,1,1,1,1,1,0,1
549,52,12,0,0,1,0,1,1,1,1,0,1,0,1,1,1,0,0,1,0,1,0,1,1,1,1,1,0,1,1,1,1,1,1,1,1,0,1
550,52,8,0,1,1,0,1,1,1,1,0,1,0,1,1,1,0,0,1,0,1,0,1,1,1,1,1,0,1,1,1,1,1,1,1,1,0,1
551,52,6,0,0,0,0,1,1,1,1,0,1,0,1,1,1,0,0,1,0,1,0,1,1,1,1,1,0,1,1,1,1,1,1,1,1,0,1
552,52,15,0,0,0,0,1,1,1,1,0,1,0,1,1,1,0,0,1,0,1,0,1,1,1,1,1,0,1,1,1,1,1,1,1,1,0,1
553,53,32,0,1,1,0,1,1,1,1,1,1,0,1,1,1,0,0,1,0,0,0,1,1,1,1,1,1,1,0,1,1,1,1,1,1,0,1
554,53,1,0,1,1,0,1,1,1,1,1,1,0,1,1,1,0,0,1,0,0,0,1,1,1,1,1,1,1,0,1,1,1,1,1,1,0,1
555,53,13,0,1,1,0,1,1,1,1,1,1,0,1,1,1,0,0,1,0,0,0,1,1,1,1,1,1,1,0,1,1,1,1,1,1,0,1
556,53,17,1,0,1,0,1,1,1,1,1,1,0,1,1,1,0,0,1,0,0,0,1,1,1,1,1,1,1,0,1,1,1,1,1,1,0,1
557,53,8,0,1,1,0,1,1,1,1,1,1,0,1,1,1,0,0,1,0,0,0,1,1,1,1,1,1,1,0,1,1,1,1,1,1,0,1
558,53,12,0,1,1,0,1,1,1,1,1,1,0,1,1,1,0,0,1,0,0,0,1,1,1,1,1,1,1,0,1,1,1,1,1,1,0,1
559,53,15,0,1,0,0,1,1,1,1,1,1,0,1,1,1,0,0,1,0,0,0,1,1,1,1,1,1,1,0,1,1,1,1,1,1,0,1
560,53,16,0,1,1,0,1,1,1,1,1,1,0,1,1,1,0,0,1,0,0,0,1,1,1,1,1,1,1,0,1,1,1,1,1,1,0,1
561,53,25,0,1,1,0,1,1,1,1,1,1,0,1,1,1,0,0,1,0,0,0,1,1,1,1,1,1,1,0,1,1,1,1,1,1,0,1
562,54,32,0,1,1,0,1,1,1,1,1,1,1,1,1,1,1,0,1,0,0,0,1,1,1,1,1,0,1,1,1,1,0,1,0,1,0,1
563,54,1,0,1,1,0,1,1,1,1,1,1,1,1,1,1,1,0,1,0,0,0,1,1,1,1,1,0,1,1,1,1,0,1,0,1,0,1
564,54,13,0,1,1,0,1,1,1,1,1,1,1,1,1,1,1,0,1,0,0,0,1,1,1,1,1,0,1,1,1,1,0,1,0,1,0,1
565,54,17,0,0,0,0,1,1,1,1,1,1,1,1,1,1,1,0,1,0,0,0,1,1,1,1,1,0,1,1,1,1,0,1,0,1,0,1
566,54,23,0,1,1,0,1,1,1,1,1,1,1,1,1,1,1,0,1,0,0,0,1,1,1,1,1,0,1,1,1,1,0,1,0,1,0,1
567,54,30,0,1,1,0,1,1,1,1,1,1,1,1,1,1,1,0,1,0,0,0,1,1,1,1,1,0,1,1,1,1,0,1,0,1,0,1
568,54,16,0,0,1,0,1,1,1,1,1,1,1,1,1,1,1,0,1,0,0,0,1,1,1,1,1,0,1,1,1,1,0,1,0,1,0,1
569,54,28,0,0,1,0,1,1,1,1,1,1,1,1,1,1,1,0,1,0,0,0,1,1,1,1,1,0,1,1,1,1,0,1,0,1,0,1
570,54,15,0,0,1,0,1,1,1,1,1,1,1,1,1,1,1,0,1,0,0,0,1,1,1,1,1,0,1,1,1,1,0,1,0,1,0,1
571,55,32,0,1,1,0,1,1,1,1,1,1,1,0,1,1,0,0,1,1,0,0,1,1,1,1,1,1,1,0,1,1,0,1,1,1,0,0
572,55,1,0,1,1,0,1,1,1,1,1,1,1,0,1,1,0,0,1,1,0,0,1,1,1,1,1,1,1,0,1,1,0,1,1,1,0,0
573,55,13,0,1,1,0,1,1,1,1,1,1,1,0,1,1,0,0,1,1,0,0,1,1,1,1,1,1,1,0,1,1,0,1,1,1,0,0
574,55,16,0,0,1,0,1,1,1,1,1,1,1,0,1,1,0,0,1,1,0,0,1,1,1,1,1,1,1,0,1,1,0,1,1,1,0,0
575,55,17,0,0,1,0,1,1,1,1,1,1,1,0,1,1,0,0,1,1,0,0,1,1,1,1,1,1,1,0,1,1,0,1,1,1,0,0
576,55,12,0,0,1,0,1,1,1,1,1,1,1,0,1,1,0,0,1,1,0,0,1,1,1,1,1,1,1,0,1,1,0,1,1,1,0,0
577,55,33,0,1,1,0,1,1,1,1,1,1,1,0,1,1,0,0,1,1,0,0,1,1,1,1,1,1,1,0,1,1,0,1,1,1,0,0
578,55,25,0,0,1,0,1,1,1,1,1,1,1,0,1,1,0,0,1,1,0,0,1,1,1,1,1,1,1,0,1,1,0,1,1,1,0,0
579,55,9,0,1,1,0,1,1,1,1,1,1,1,0,1,1,0,0,1,1,0,0,1,1,1,1,1,1,1,0,1,1,0,1,1,1,0,0
580,55,28,1,1,1,0,1,1,1,1,1,1,1,0,1,1,0,0,1,1,0,0,1,1,1,1,1,1,1,0,1,1,0,1,1,1,0,0
581,56,32,1,1,1,0,1,1,1,1,1,1,0,0,1,1,0,1,1,0,1,1,1,1,1,1,1,1,1,1,1,1,0,1,0,1,0,0
582,56,1,0,1,1,0,1,1,1,1,1,1,0,0,1,1,0,1,1,0,1,1,1,1,1,1,1,1,1,1,1,1,0,1,0,1,0,0
583,56,15,0,1,1,0,1,1,1,1,1,1,0,0,1,1,0,1,1,0,1,1,1,1,1,1,1,1,1,1,1,1,0,1,0,1,0,0
584,56,33,0,1,1,0,1,1,1,1,1,1,0,0,1,1,0,1,1,0,1,1,1,1,1,1,1,1,1,1,1,1,0,1,0,1,0,0
585,56,9,1,1,1,0,1,1,1,1,1,1,0,0,1,1,0,1,1,0,1,1,1,1,1,1,1,1,1,1,1,1,0,1,0,1,0,0
586,56,12,0,0,1,0,1,1,1,1,1,1,0,0,1,1,0,1,1,0,1,1,1,1,1,1,1,1,1,1,1,1,0,1,0,1,0,0
587,56,28,0,1,1,0,1,1,1,1,1,1,0,0,1,1,0,1,1,0,1,1,1,1,1,1,1,1,1,1,1,1,0,1,0,1,0,0
588,56,8,0,1,0,0,1,1,1,1,1,1,0,0,1,1,0,1,1,0,1,1,1,1,1,1,1,1,1,1,1,1,0,1,0,1,0,0
589,56,30,0,1,0,0,1,1,1,1,1,1,0,0,1,1,0,1,1,0,1,1,1,1,1,1,1,1,1,1,1,1,0,1,0,1,0,0
590,57,32,0,1,1,0,1,1,1,1,1,1,1,1,1,1,0,0,1,1,0,0,0,1,1,1,1,1,1,0,1,1,0,1,1,1,0,0
591,57,1,0,0,1,0,1,1,1,1,1,1,1,1,1,1,0,0,1,1,0,0,0,1,1,1,1,1,1,0,1,1,0,1,1,1,0,0
592,57,13,0,1,1,0,1,1,1,1,1,1,1,1,1,1,0,0,1,1,0,0,0,1,1,1,1,1,1,0,1,1,0,1,1,1,0,0
593,57,33,0,0,1,0,1,1,1,1,1,1,1,1,1,1,0,0,1,1,0,0,0,1,1,1,1,1,1,0,1,1,0,1,1,1,0,0
594,57,16,0,0,1,0,1,1,1,1,1,1,1,1,1,1,0,0,1,1,0,0,0,1,1,1,1,1,1,0,1,1,0,1,1,1,0,0
595,57,12,0,0,1,0,1,1,1,1,1,1,1,1,1,1,0,0,1,1,0,0,0,1,1,1,1,1,1,0,1,1,0,1,1,1,0,0
596,57,25,0,0,1,0,1,1,1,1,1,1,1,1,1,1,0,0,1,1,0,0,0,1,1,1,1,1,1,0,1,1,0,1,1,1,0,0
597,57,17,0,1,1,0,1,1,1,1,1,1,1,1,1,1,0,0,1,1,0,0,0,1,1,1,1,1,1,0,1,1,0,1,1,1,0,0
598,57,18,0,1,0,0,1,1,1,1,1,1,1,1,1,1,0,0,1,1,0,0,0,1,1,1,1,1,1,0,1,1,0,1,1,1,0,0
599,57,28,1,1,1,0,1,1,1,1,1,1,1,1,1,1,0,0,1,1,0,0,0,1,1,1,1,1,1,0,1,1,0,1,1,1,0,0
600,58,32,0,1,1,0,1,1,1,1,1,1,1,1,1,0,0,0,1,1,0,1,0,1,1,1,1,1,1,0,1,1,0,1,0,1,0,0
601,58,1,0,0,1,0,1,1,1,1,1,1,1,1,1,0,0,0,1,1,0,1,0,1,1,1,1,1,1,0,1,1,0,1,0,1,0,0
602,58,13,0,0,1,0,1,1,1,1,1,1,1,1,1,0,0,0,1,1,0,1,0,1,1,1,1,1,1,0,1,1,0,1,0,1,0,0
603,58,33,0,0,1,0,1,1,1,1,1,1,1,1,1,0,0,0,1,1,0,1,0,1,1,1,1,1,1,0,1,1,0,1,0,1,0,0
604,58,16,0,0,1,0,1,1,1,1,1,1,1,1,1,0,0,0,1,1,0,1,0,1,1,1,1,1,1,0,1,1,0,1,0,1,0,0
605,58,12,0,0,1,0,1,1,1,1,1,1,1,1,1,0,0,0,1,1,0,1,0,1,1,1,1,1,1,0,1,1,0,1,0,1,0,0
606,58,18,0,1,1,0,1,1,1,1,1,1,1,1,1,0,0,0,1,1,0,1,0,1,1,1,1,1,1,0,1,1,0,1,0,1,0,0
607,58,25,0,1,1,0,1,1,1,1,1,1,1,1,1,0,0,0,1,1,0,1,0,1,1,1,1,1,1,0,1,1,0,1,0,1,0,0
608,58,30,1,1,1,0,1,1,1,1,1,1,1,1,1,0,0,0,1,1,0,1,0,1,1,1,1,1,1,0,1,1,0,1,0,1,0,0
609,58,28,0,1,1,0,1,1,1,1,1,1,1,1,1,0,0,0,1,1,0,1,0,1,1,1,1,1,1,0,1,1,0,1,0,1,0,0
610,58,11,0,0,0,0,1,1,1,1,1,1,1,1,1,0,0,0,1,1,0,1,0,1,1,1,1,1,1,0,1,1,0,1,0,1,0,0
611,59,32,0,1,1,0,1,1,1,1,1,1,1,0,1,1,0,0,1,1,1,1,0,1,1,1,1,1,1,0,1,1,0,1,0,1,0,0
612,59,1,0,0,1,0,1,1,1,1,1,1,1,0,1,1,0,0,1,1,1,1,0,1,1,1,1,1,1,0,1,1,0,1,0,1,0,0
613,59,13,0,0,1,0,1,1,1,1,1,1,1,0,1,1,0,0,1,1,1,1,0,1,1,1,1,1,1,0,1,1,0,1,0,1,0,0
614,59,33,0,1,1,0,1,1,1,1,1,1,1,0,1,1,0,0,1,1,1,1,0,1,1,1,1,1,1,0,1,1,0,1,0,1,0,0
615,59,9,1,1,1,0,1,1,1,1,1,1,1,0,1,1,0,0,1,1,1,1,0,1,1,1,1,1,1,0,1,1,0,1,0,1,0,0
616,59,12,0,0,1,0,1,1,1,1,1,1,1,0,1,1,0,0,1,1,1,1,0,1,1,1,1,1,1,0,1,1,0,1,0,1,0,0
617,59,25,0,0,1,0,1,1,1,1,1,1,1,0,1,1,0,0,1,1,1,1,0,1,1,1,1,1,1,0,1,1,0,1,0,1,0,0
618,59,18,0,1,1,0,1,1,1,1,1,1,1,0,1,1,0,0,1,1,1,1,0,1,1,1,1,1,1,0,1,1,0,1,0,1,0,0
619,59,30,0,1,0,0,1,1,1,1,1,1,1,0,1,1,0,0,1,1,1,1,0,1,1,1,1,1,1,0,1,1,0,1,0,1,0,0
620,59,28,0,0,1,0,1,1,1,1,1,1,1,0,1,1,0,0,1,1,1,1,0,1,1,1,1,1,1,0,1,1,0,1,0,1,0,0
621,60,32,0,1,1,0,1,1,1,1,1,1,1,0,1,0,0,1,1,0,1,1,0,1,1,1,1,1,1,1,1,1,0,1,0,1,0,0
622,60,1,0,0,1,0,1,1,1,1,1,1,1,0,1,0,0,1,1,0,1,1,0,1,1,1,1,1,1,1,1,1,0,1,0,1,0,0
623,60,15,0,0,0,0,1,1,1,1,1,1,1,0,1,0,0,1,1,0,1,1,0,1,1,1,1,1,1,1,1,1,0,1,0,1,0,0
624,60,33,0,1,1,0,1,1,1,1,1,1,1,0,1,0,0,1,1,0,1,1,0,1,1,1,1,1,1,1,1,1,0,1,0,1,0,0
625,60,9,0,0,1,0,1,1,1,1,1,1,1,0,1,0,0,1,1,0,1,1,0,1,1,1,1,1,1,1,1,1,0,1,0,1,0,0
626,60,12,0,0,1,0,1,1,1,1,1,1,1,0,1,0,0,1,1,0,1,1,0,1,1,1,1,1,1,1,1,1,0,1,0,1,0,0
627,60,18,0,1,1,0,1,1,1,1,1,1,1,0,1,0,0,1,1,0,1,1,0,1,1,1,1,1,1,1,1,1,0,1,0,1,0,0
628,60,28,0,1,1,0,1,1,1,1,1,1,1,0,1,0,0,1,1,0,1,1,0,1,1,1,1,1,1,1,1,1,0,1,0,1,0,0
629,60,30,0,0,0,0,1,1,1,1,1,1,1,0,1,0,0,1,1,0,1,1,0,1,1,1,1,1,1,1,1,1,0,1,0,1,0,0
630,60,11,0,0,1,0,1,1,1,1,1,1,1,0,1,0,0,1,1,0,1,1,0,1,1,1,1,1,1,1,1,1,0,1,0,1,0,0
631,61,32,0,0,1,0,1,1,1,1,1,1,1,0,1,0,0,1,1,1,0,0,0,1,1,1,1,1,1,1,1,1,0,1,1,1,0,0
632,61,1,0,1,1,0,1,1,1,1,1,1,1,0,1,0,0,1,1,1,0,0,0,1,1,1,1,1,1,1,1,1,0,1,1,1,0,0
633,61,28,0,0,1,0,1,1,1,1,1,1,1,0,1,0,0,1,1,1,0,0,0,1,1,1,1,1,1,1,1,1,0,1,1,1,0,0
634,61,33,0,0,1,0,1,1,1,1,1,1,1,0,1,0,0,1,1,1,0,0,0,1,1,1,1,1,1,1,1,1,0,1,1,1,0,0
635,61,9,0,1,0,0,1,1,1,1,1,1,1,0,1,0,0,1,1,1,0,0,0,1,1,1,1,1,1,1,1,1,0,1,1,1,0,0
636,61,16,0,1,1,0,1,1,1,1,1,1,1,0,1,0,0,1,1,1,0,0,0,1,1,1,1,1,1,1,1,1,0,1,1,1,0,0
637,61,12,0,0,1,0,1,1,1,1,1,1,1,0,1,0,0,1,1,1,0,0,0,1,1,1,1,1,1,1,1,1,0,1,1,1,0,0
638,61,18,0,0,1,0,1,1,1,1,1,1,1,0,1,0,0,1,1,1,0,0,0,1,1,1,1,1,1,1,1,1,0,1,1,1,0,0
639,61,11,0,1,1,0,1,1,1,1,1,1,1,0,1,0,0,1,1,1,0,0,0,1,1,1,1,1,1,1,1,1,0,1,1,1,0,0
640,61,17,0,0,0,0,1,1,1,1,1,1,1,0,1,0,0,1,1,1,0,0,0,1,1,1,1,1,1,1,1,1,0,1,1,1,0,0
641,62,32,0,1,1,0,1,1,1,1,1,1,1,1,1,0,0,1,1,0,0,0,0,1,1,1,1,1,1,1,1,1,0,1,1,1,0,1
642,62,1,0,1,1,0,1,1,1,1,1,1,1,1,1,0,0,1,1,0,0,0,0,1,1,1,1,1,1,1,1,1,0,1,1,1,0,1
643,62,15,1,0,1,0,1,1,1,1,1,1,1,1,1,0,0,1,1,0,0,0,0,1,1,1,1,1,1,1,1,1,0,1,1,1,0,1
644,62,17,1,1,1,0,1,1,1,1,1,1,1,1,1,0,0,1,1,0,0,0,0,1,1,1,1,1,1,1,1,1,0,1,1,1,0,1
645,62,16,0,1,1,0,1,1,1,1,1,1,1,1,1,0,0,1,1,0,0,0,0,1,1,1,1,1,1,1,1,1,0,1,1,1,0,1
646,62,18,0,1,1,0,1,1,1,1,1,1,1,1,1,0,0,1,1,0,0,0,0,1,1,1,1,1,1,1,1,1,0,1,1,1,0,1
647,62,11,1,0,1,0,1,1,1,1,1,1,1,1,1,0,0,1,1,0,0,0,0,1,1,1,1,1,1,1,1,1,0,1,1,1,0,1
648,62,12,0,0,1,0,1,1,1,1,1,1,1,1,1,0,0,1,1,0,0,0,0,1,1,1,1,1,1,1,1,1,0,1,1,1,0,1
649,62,28,0,1,1,0,1,1,1,1,1,1,1,1,1,0,0,1,1,0,0,0,0,1,1,1,1,1,1,1,1,1,0,1,1,1,0,1
650,63,32,0,1,1,0,1,1,1,1,1,1,1,1,1,0,0,0,1,1,0,0,0,1,1,1,1,1,1,1,1,1,0,1,1,1,0,1
651,63,1,0,1,1,0,1,1,1,1,1,1,1,1,1,0,0,0,1,1,0,0,0,1,1,1,1,1,1,1,1,1,0,1,1,1,0,1
652,63,13,0,0,1,0,1,1,1,1,1,1,1,1,1,0,0,0,1,1,0,0,0,1,1,1,1,1,1,1,1,1,0,1,1,1,0,1
653,63,17,0,0,0,0,1,1,1,1,1,1,1,1,1,0,0,0,1,1,0,0,0,1,1,1,1,1,1,1,1,1,0,1,1,1,0,1
654,63,16,0,0,1,0,1,1,1,1,1,1,1,1,1,0,0,0,1,1,0,0,0,1,1,1,1,1,1,1,1,1,0,1,1,1,0,1
655,63,12,0,0,1,0,1,1,1,1,1,1,1,1,1,0,0,0,1,1,0,0,0,1,1,1,1,1,1,1,1,1,0,1,1,1,0,1
656,63,18,1,0,1,0,1,1,1,1,1,1,1,1,1,0,0,0,1,1,0,0,0,1,1,1,1,1,1,1,1,1,0,1,1,1,0,1
657,63,28,0,0,1,0,1,1,1,1,1,1,1,1,1,0,0,0,1,1,0,0,0,1,1,1,1,1,1,1,1,1,0,1,1,1,0,1
658,63,11,0,0,0,0,1,1,1,1,1,1,1,1,1,0,0,0,1,1,0,0,0,1,1,1,1,1,1,1,1,1,0,1,1,1,0,1
659,64,32,0,1,1,0,1,1,1,1,1,0,1,0,1,1,1,0,1,0,1,0,0,1,1,1,1,1,1,1,1,1,0,1,1,1,0,1
660,64,1,0,0,1,0,1,1,1,1,1,0,1,0,1,1,1,0,1,0,1,0,0,1,1,1,1,1,1,1,1,1,0,1,1,1,0,1
661,64,13,0,1,1,0,1,1,1,1,1,0,1,0,1,1,1,0,1,0,1,0,0,1,1,1,1,1,1,1,1,1,0,1,1,1,0,1
662,64,17,1,1,1,0,1,1,1,1,1,0,1,0,1,1,1,0,1,0,1,0,0,1,1,1,1,1,1,1,1,1,0,1,1,1,0,1
663,64,9,0,1,1,0,1,1,1,1,1,0,1,0,1,1,1,0,1,0,1,0,0,1,1,1,1,1,1,1,1,1,0,1,1,1,0,1
664,64,18,0,1,1,0,1,1,1,1,1,0,1,0,1,1,1,0,1,0,1,0,0,1,1,1,1,1,1,1,1,1,0,1,1,1,0,1
665,64,28,0,0,1,0,1,1,1,1,1,0,1,0,1,1,1,0,1,0,1,0,0,1,1,1,1,1,1,1,1,1,0,1,1,1,0,1
666,64,15,0,0,0,0,1,1,1,1,1,0,1,0,1,1,1,0,1,0,1,0,0,1,1,1,1,1,1,1,1,1,0,1,1,1,0,1
667,64,7,0,1,0,0,1,1,1,1,1,0,1,0,1,1,1,0,1,0,1,0,0,1,1,1,1,1,1,1,1,1,0,1,1,1,0,1
668,65,18,0,1,1,0,1,1,1,1,1,0,1,1,1,1,0,0,0,0,0,1,0,1,1,1,1,1,1,1,1,1,0,1,1,1,1,1
669,65,1,0,1,1,0,1,1,1,1,1,0,1,1,1,1,0,0,0,0,0,1,0,1,1,1,1,1,1,1,1,1,0,1,1,1,1,1
670,65,13,0,0,1,0,1,1,1,1,1,0,1,1,1,1,0,0,0,0,0,1,0,1,1,1,1,1,1,1,1,1,0,1,1,1,1,1
671,65,12,0,1,1,0,1,1,1,1,1,0,1,1,1,1,0,0,0,0,0,1,0,1,1,1,1,1,1,1,1,1,0,1,1,1,1,1
672,65,16,0,0,1,0,1,1,1,1,1,0,1,1,1,1,0,0,0,0,0,1,0,1,1,1,1,1,1,1,1,1,0,1,1,1,1,1
673,65,28,0,0,1,0,1,1,1,1,1,0,1,1,1,1,0,0,0,0,0,1,0,1,1,1,1,1,1,1,1,1,0,1,1,1,1,1
674,65,14,1,1,1,0,1,1,1,1,1,0,1,1,1,1,0,0,0,0,0,1,0,1,1,1,1,1,1,1,1,1,0,1,1,1,1,1
675,65,15,0,1,0,0,1,1,1,1,1,0,1,1,1,1,0,0,0,0,0,1,0,1,1,1,1,1,1,1,1,1,0,1,1,1,1,1
676,65,7,1,0,1,0,1,1,1,1,1,0,1,1,1,1,0,0,0,0,0,1,0,1,1,1,1,1,1,1,1,1,0,1,1,1,1,1
677,66,17,1,1,0,0,1,1,1,1,1,0,1,0,1,1,0,1,0,0,0,0,0,1,1,1,1,1,1,1,1,1,1,1,1,1,1,1
678,66,1,0,0,1,0,1,1,1,1,1,0,1,0,1,1,0,1,0,0,0,0,0,1,1,1,1,1,1,1,1,1,1,1,1,1,1,1
679,66,15,0,0,1,0,1,1,1,1,1,0,1,0,1,1,0,1,0,0,0,0,0,1,1,1,1,1,1,1,1,1,1,1,1,1,1,1
680,66,9,1,1,1,0,1,1,1,1,1,0,1,0,1,1,0,1,0,0,0,0,0,1,1,1,1,1,1,1,1,1,1,1,1,1,1,1
681,66,16,0,1,1,0,1,1,1,1,1,0,1,0,1,1,0,1,0,0,0,0,0,1,1,1,1,1,1,1,1,1,1,1,1,1,1,1
682,66,12,0,0,1,0,1,1,1,1,1,0,1,0,1,1,0,1,0,0,0,0,0,1,1,1,1,1,1,1,1,1,1,1,1,1,1,1
683,66,14,1,1,1,0,1,1,1,1,1,0,1,0,1,1,0,1,0,0,0,0,0,1,1,1,1,1,1,1,1,1,1,1,1,1,1,1
684,66,18,0,0,1,0,1,1,1,1,1,0,1,0,1,1,0,1,0,0,0,0,0,1,1,1,1,1,1,1,1,1,1,1,1,1,1,1
685,66,7,1,0,1,0,1,1,1,1,1,0,1,0,1,1,0,1,0,0,0,0,0,1,1,1,1,1,1,1,1,1,1,1,1,1,1,1
686,67,17,1,1,1,1,1,1,1,1,1,0,1,0,1,1,0,1,0,0,0,0,0,1,1,1,1,0,1,1,1,1,1,1,1,1,1,1
687,67,12,0,0,1,1,1,1,1,1,1,0,1,0,1,1,0,1,0,0,0,0,0,1,1,1,1,0,1,1,1,1,1,1,1,1,1,1
688,67,15,0,0,1,1,1,1,1,1,1,0,1,0,1,1,0,1,0,0,0,0,0,1,1,1,1,0,1,1,1,1,1,1,1,1,1,1
689,67,16,0,0,1,1,1,1,1,1,1,0,1,0,1,1,0,1,0,0,0,0,0,1,1,1,1,0,1,1,1,1,1,1,1,1,1,1
690,67,23,0,1,1,1,1,1,1,1,1,0,1,0,1,1,0,1,0,0,0,0,0,1,1,1,1,0,1,1,1,1,1,1,1,1,1,1
691,67,14,1,1,0,1,1,1,1,1,1,0,1,0,1,1,0,1,0,0,0,0,0,1,1,1,1,0,1,1,1,1,1,1,1,1,1,1
692,67,7,1,1,0,1,1,1,1,1,1,0,1,0,1,1,0,1,0,0,0,0,0,1,1,1,1,0,1,1,1,1,1,1,1,1,1,1
693,67,18,0,0,1,1,1,1,1,1,1,0,1,0,1,1,0,1,0,0,0,0,0,1,1,1,1,0,1,1,1,1,1,1,1,1,1,1
694,67,9,0,0,1,1,1,1,1,1,1,0,1,0,1,1,0,1,0,0,0,0,0,1,1,1,1,0,1,1,1,1,1,1,1,1,1,1
695,68,12,0,1,1,0,1,0,1,1,1,0,1,1,1,1,0,0,0,1,0,0,0,1,1,1,1,1,1,1,1,1,1,1,1,1,1,1
696,68,1,0,1,1,0,1,0,1,1,1,0,1,1,1,1,0,0,0,1,0,0,0,1,1,1,1,1,1,1,1,1,1,1,1,1,1,1
697,68,13,0,1,1,0,1,0,1,1,1,0,1,1,1,1,0,0,0,1,0,0,0,1,1,1,1,1,1,1,1,1,1,1,1,1,1,1
698,68,3,0,1,1,0,1,0,1,1,1,0,1,1,1,1,0,0,0,1,0,0,0,1,1,1,1,1,1,1,1,1,1,1,1,1,1,1
699,68,16,0,1,1,0,1,0,1,1,1,0,1,1,1,1,0,0,0,1,0,0,0,1,1,1,1,1,1,1,1,1,1,1,1,1,1,1
700,68,17,0,1,1,0,1,0,1,1,1,0,1,1,1,1,0,0,0,1,0,0,0,1,1,1,1,1,1,1,1,1,1,1,1,1,1,1
701,68,7,0,0,0,0,1,0,1,1,1,0,1,1,1,1,0,0,0,1,0,0,0,1,1,1,1,1,1,1,1,1,1,1,1,1,1,1
702,68,18,0,0,1,0,1,0,1,1,1,0,1,1,1,1,0,0,0,1,0,0,0,1,1,1,1,1,1,1,1,1,1,1,1,1,1,1
703,68,14,0,0,0,0,1,0,1,1,1,0,1,1,1,1,0,0,0,1,0,0,0,1,1,1,1,1,1,1,1,1,1,1,1,1,1,1
704,69,12,0,0,1,0,1,0,1,1,1,1,1,1,1,1,0,0,0,0,1,0,0,1,1,1,1,1,1,1,1,1,1,1,1,1,1,1
705,69,1,0,0,1,0,1,0,1,1,1,1,1,1,1,1,0,0,0,0,1,0,0,1,1,1,1,1,1,1,1,1,1,1,1,1,1,1
706,69,13,0,1,1,0,1,0,1,1,1,1,1,1,1,1,0,0,0,0,1,0,0,1,1,1,1,1,1,1,1,1,1,1,1,1,1,1
707,69,3,0,0,1,0,1,0,1,1,1,1,1,1,1,1,0,0,0,0,1,0,0,1,1,1,1,1,1,1,1,1,1,1,1,1,1,1
708,69,17,1,1,1,0,1,0,1,1,1,1,1,1,1,1,0,0,0,0,1,0,0,1,1,1,1,1,1,1,1,1,1,1,1,1,1,1
709,69,18,0,1,1,0,1,0,1,1,1,1,1,1,1,1,0,0,0,0,1,0,0,1,1,1,1,1,1,1,1,1,1,1,1,1,1,1
710,69,14,0,0,1,0,1,0,1,1,1,1,1,1,1,1,0,0,0,0,1,0,0,1,1,1,1,1,1,1,1,1,1,1,1,1,1,1
711,69,15,0,1,0,0,1,0,1,1,1,1,1,1,1,1,0,0,0,0,1,0,0,1,1,1,1,1,1,1,1,1,1,1,1,1,1,1
712,70,12,0,1,1,0,1,0,1,1,1,1,1,1,1,1,0,0,0,0,1,0,0,1,1,1,1,1,1,1,1,1,1,1,1,1,1,1
713,70,1,0,1,1,0,1,0,1,1,1,1,1,1,1,1,0,0,0,0,1,0,0,1,1,1,1,1,1,1,1,1,1,1,1,1,1,1
714,70,13,0,1,1,0,1,0,1,1,1,1,1,1,1,1,0,0,0,0,1,0,0,1,1,1,1,1,1,1,1,1,1,1,1,1,1,1
715,70,3,0,0,1,0,1,0,1,1,1,1,1,1,1,1,0,0,0,0,1,0,0,1,1,1,1,1,1,1,1,1,1,1,1,1,1,1
716,70,17,1,1,0,0,1,0,1,1,1,1,1,1,1,1,0,0,0,0,1,0,0,1,1,1,1,1,1,1,1,1,1,1,1,1,1,1
717,70,18,0,1,1,0,1,0,1,1,1,1,1,1,1,1,0,0,0,0,1,0,0,1,1,1,1,1,1,1,1,1,1,1,1,1,1,1
718,70,15,0,1,0,0,1,0,1,1,1,1,1,1,1,1,0,0,0,0,1,0,0,1,1,1,1,1,1,1,1,1,1,1,1,1,1,1
719,70,14,1,1,0,0,1,0,1,1,1,1,1,1,1,1,0,0,0,0,1,0,0,1,1,1,1,1,1,1,1,1,1,1,1,1,1,1
720,70,22,0,0,0,0,1,0,1,1,1,1,1,1,1,1,0,0,0,0,1,0,0,1,1,1,1,1,1,1,1,1,1,1,1,1,1,1
721,71,12,0,1,1,0,1,1,1,1,1,1,1,0,1,1,0,0,0,1,1,0,0,1,1,1,1,0,1,1,1,1,1,1,1,1,1,1
722,71,1,1,1,1,0,1,1,1,1,1,1,1,0,1,1,0,0,0,1,1,0,0,1,1,1,1,0,1,1,1,1,1,1,1,1,1,1
723,71,13,0,0,1,0,1,1,1,1,1,1,1,0,1,1,0,0,0,1,1,0,0,1,1,1,1,0,1,1,1,1,1,1,1,1,1,1
724,71,17,1,0,1,0,1,1,1,1,1,1,1,0,1,1,0,0,0,1,1,0,0,1,1,1,1,0,1,1,1,1,1,1,1,1,1,1
725,71,9,0,1,0,0,1,1,1,1,1,1,1,0,1,1,0,0,0,1,1,0,0,1,1,1,1,0,1,1,1,1,1,1,1,1,1,1
726,71,23,0,0,1,0,1,1,1,1,1,1,1,0,1,1,0,0,0,1,1,0,0,1,1,1,1,0,1,1,1,1,1,1,1,1,1,1
727,71,18,0,0,1,0,1,1,1,1,1,1,1,0,1,1,0,0,0,1,1,0,0,1,1,1,1,0,1,1,1,1,1,1,1,1,1,1
728,71,14,0,0,0,0,1,1,1,1,1,1,1,0,1,1,0,0,0,1,1,0,0,1,1,1,1,0,1,1,1,1,1,1,1,1,1,1
729,71,22,0,0,0,0,1,1,1,1,1,1,1,0,1,1,0,0,0,1,1,0,0,1,1,1,1,0,1,1,1,1,1,1,1,1,1,1
730,72,12,0,1,1,0,1,0,1,1,1,1,1,1,1,1,0,0,0,0,1,1,0,1,1,1,1,0,1,1,1,1,0,1,1,1,1,1
731,72,1,0,1,0,0,1,0,1,1,1,1,1,1,1,1,0,0,0,0,1,1,0,1,1,1,1,0,1,1,1,1,0,1,1,1,1,1
732,72,13,0,1,1,0,1,0,1,1,1,1,1,1,1,1,0,0,0,0,1,1,0,1,1,1,1,0,1,1,1,1,0,1,1,1,1,1
733,72,3,0,0,1,0,1,0,1,1,1,1,1,1,1,1,0,0,0,0,1,1,0,1,1,1,1,0,1,1,1,1,0,1,1,1,1,1
734,72,23,0,0,1,0,1,0,1,1,1,1,1,1,1,1,0,0,0,0,1,1,0,1,1,1,1,0,1,1,1,1,0,1,1,1,1,1
735,72,15,0,0,1,0,1,0,1,1,1,1,1,1,1,1,0,0,0,0,1,1,0,1,1,1,1,0,1,1,1,1,0,1,1,1,1,1
736,72,18,0,1,0,0,1,0,1,1,1,1,1,1,1,1,0,0,0,0,1,1,0,1,1,1,1,0,1,1,1,1,0,1,1,1,1,1
737,72,28,0,1,1,0,1,0,1,1,1,1,1,1,1,1,0,0,0,0,1,1,0,1,1,1,1,0,1,1,1,1,0,1,1,1,1,1
738,72,14,0,1,1,0,1,0,1,1,1,1,1,1,1,1,0,0,0,0,1,1,0,1,1,1,1,0,1,1,1,1,0,1,1,1,1,1
739,72,22,0,0,0,0,1,0,1,1,1,1,1,1,1,1,0,0,0,0,1,1,0,1,1,1,1,0,1,1,1,1,0,1,1,1,1,1
740,73,12,0,0,1,0,1,0,1,0,1,1,1,1,1,1,0,0,0,1,1,1,0,1,1,1,1,0,1,1,1,1,0,1,1,1,1,1
741,73,1,0,0,1,0,1,0,1,0,1,1,1,1,1,1,0,0,0,1,1,1,0,1,1,1,1,0,1,1,1,1,0,1,1,1,1,1
742,73,13,0,1,1,0,1,0,1,0,1,1,1,1,1,1,0,0,0,1,1,1,0,1,1,1,1,0,1,1,1,1,0,1,1,1,1,1
743,73,3,0,1,1,0,1,0,1,0,1,1,1,1,1,1,0,0,0,1,1,1,0,1,1,1,1,0,1,1,1,1,0,1,1,1,1,1
744,73,23,0,0,1,0,1,0,1,0,1,1,1,1,1,1,0,0,0,1,1,1,0,1,1,1,1,0,1,1,1,1,0,1,1,1,1,1
745,73,18,0,1,1,0,1,0,1,0,1,1,1,1,1,1,0,0,0,1,1,1,0,1,1,1,1,0,1,1,1,1,0,1,1,1,1,1
746,73,5,0,0,1,0,1,0,1,0,1,1,1,1,1,1,0,0,0,1,1,1,0,1,1,1,1,0,1,1,1,1,0,1,1,1,1,1
747,73,14,0,0,1,0,1,0,1,0,1,1,1,1,1,1,0,0,0,1,1,1,0,1,1,1,1,0,1,1,1,1,0,1,1,1,1,1
748,73,28,0,1,1,0,1,0,1,0,1,1,1,1,1,1,0,0,0,1,1,1,0,1,1,1,1,0,1,1,1,1,0,1,1,1,1,1
749,73,22,0,0,0,0,1,0,1,0,1,1,1,1,1,1,0,0,0,1,1,1,0,1,1,1,1,0,1,1,1,1,0,1,1,1,1,1
750,74,12,0,1,1,1,1,1,1,0,1,1,1,0,1,1,0,0,1,1,0,1,0,1,1,1,1,0,1,1,1,1,0,1,1,1,1,1
751,74,18,0,0,1,1,1,1,1,0,1,1,1,0,1,1,0,0,1,1,0,1,0,1,1,1,1,0,1,1,1,1,0,1,1,1,1,1
752,74,13,0,0,0,1,1,1,1,0,1,1,1,0,1,1,0,0,1,1,0,1,0,1,1,1,1,0,1,1,1,1,0,1,1,1,1,1
753,74,16,0,1,1,1,1,1,1,0,1,1,1,0,1,1,0,0,1,1,0,1,0,1,1,1,1,0,1,1,1,1,0,1,1,1,1,1
754,74,23,0,0,1,1,1,1,1,0,1,1,1,0,1,1,0,0,1,1,0,1,0,1,1,1,1,0,1,1,1,1,0,1,1,1,1,1
755,74,9,1,1,1,1,1,1,1,0,1,1,1,0,1,1,0,0,1,1,0,1,0,1,1,1,1,0,1,1,1,1,0,1,1,1,1,1
756,74,22,1,1,1,1,1,1,1,0,1,1,1,0,1,1,0,0,1,1,0,1,0,1,1,1,1,0,1,1,1,1,0,1,1,1,1,1
757,74,28,0,1,1,1,1,1,1,0,1,1,1,0,1,1,0,0,1,1,0,1,0,1,1,1,1,0,1,1,1,1,0,1,1,1,1,1
758,74,5,0,1,1,1,1,1,1,0,1,1,1,0,1,1,0,0,1,1,0,1,0,1,1,1,1,0,1,1,1,1,0,1,1,1,1,1
759,74,26,0,0,0,1,1,1,1,0,1,1,1,0,1,1,0,0,1,1,0,1,0,1,1,1,1,0,1,1,1,1,0,1,1,1,1,1
760,75,12,0,1,1,0,1,1,1,0,1,1,1,0,1,1,0,0,1,1,0,1,0,1,1,1,1,0,1,1,1,1,0,1,1,1,1,1
761,75,1,0,0,0,0,1,1,1,0,1,1,1,0,1,1,0,0,1,1,0,1,0,1,1,1,1,0,1,1,1,1,0,1,1,1,1,1
762,75,13,0,1,1,0,1,1,1,0,1,1,1,0,1,1,0,0,1,1,0,1,0,1,1,1,1,0,1,1,1,1,0,1,1,1,1,1
763,75,16,0,1,1,0,1,1,1,0,1,1,1,0,1,1,0,0,1,1,0,1,0,1,1,1,1,0,1,1,1,1,0,1,1,1,1,1
764,75,23,0,0,0,0,1,1,1,0,1,1,1,0,1,1,0,0,1,1,0,1,0,1,1,1,1,0,1,1,1,1,0,1,1,1,1,1
765,75,18,0,1,1,0,1,1,1,0,1,1,1,0,1,1,0,0,1,1,0,1,0,1,1,1,1,0,1,1,1,1,0,1,1,1,1,1
766,75,9,1,1,0,0,1,1,1,0,1,1,1,0,1,1,0,0,1,1,0,1,0,1,1,1,1,0,1,1,1,1,0,1,1,1,1,1
767,75,28,0,1,1,0,1,1,1,0,1,1,1,0,1,1,0,0,1,1,0,1,0,1,1,1,1,0,1,1,1,1,0,1,1,1,1,1
768,75,5,0,0,1,0,1,1,1,0,1,1,1,0,1,1,0,0,1,1,0,1,0,1,1,1,1,0,1,1,1,1,0,1,1,1,1,1
769,76,12,0,0,1,1,1,1,1,0,1,1,1,0,1,1,0,0,1,0,0,1,0,1,1,1,1,0,1,1,1,1,0,1,1,1,1,1
770,76,13,0,1,1,1,1,1,1,0,1,1,1,0,1,1,0,0,1,0,0,1,0,1,1,1,1,0,1,1,1,1,0,1,1,1,1,1
771,76,15,0,0,1,1,1,1,1,0,1,1,1,0,1,1,0,0,1,0,0,1,0,1,1,1,1,0,1,1,1,1,0,1,1,1,1,1
772,76,16,0,1,1,1,1,1,1,0,1,1,1,0,1,1,0,0,1,0,0,1,0,1,1,1,1,0,1,1,1,1,0,1,1,1,1,1
773,76,23,0,0,1,1,1,1,1,0,1,1,1,0,1,1,0,0,1,0,0,1,0,1,1,1,1,0,1,1,1,1,0,1,1,1,1,1
774,76,28,1,1,1,1,1,1,1,0,1,1,1,0,1,1,0,0,1,0,0,1,0,1,1,1,1,0,1,1,1,1,0,1,1,1,1,1
775,76,9,1,1,1,1,1,1,1,0,1,1,1,0,1,1,0,0,1,0,0,1,0,1,1,1,1,0,1,1,1,1,0,1,1,1,1,1
776,76,18,0,1,1,1,1,1,1,0,1,1,1,0,1,1,0,0,1,0,0,1,0,1,1,1,1,0,1,1,1,1,0,1,1,1,1,1
777,76,5,0,1,1,1,1,1,1,0,1,1,1,0,1,1,0,0,1,0,0,1,0,1,1,1,1,0,1,1,1,1,0,1,1,1,1,1
778,77,12,0,1,1,1,1,1,1,1,1,1,1,0,1,1,0,1,1,0,1,1,0,1,1,1,1,0,1,1,1,1,1,1,1,1,1,1
779,77,18,0,1,1,1,1,1,1,1,1,1,1,0,1,1,0,1,1,0,1,1,0,1,1,1,1,0,1,1,1,1,1,1,1,1,1,1
780,77,15,1,0,1,1,1,1,1,1,1,1,1,0,1,1,0,1,1,0,1,1,0,1,1,1,1,0,1,1,1,1,1,1,1,1,1,1
781,77,9,0,1,1,1,1,1,1,1,1,1,1,0,1,1,0,1,1,0,1,1,0,1,1,1,1,0,1,1,1,1,1,1,1,1,1,1
782,77,23,0,1,1,1,1,1,1,1,1,1,1,0,1,1,0,1,1,0,1,1,0,1,1,1,1,0,1,1,1,1,1,1,1,1,1,1
783,77,26,0,0,0,1,1,1,1,1,1,1,1,0,1,1,0,1,1,0,1,1,0,1,1,1,1,0,1,1,1,1,1,1,1,1,1,1
784,77,28,1,1,1,1,1,1,1,1,1,1,1,0,1,1,0,1,1,0,1,1,0,1,1,1,1,0,1,1,1,1,1,1,1,1,1,1
785,77,22,1,0,1,1,1,1,1,1,1,1,1,0,1,1,0,1,1,0,1,1,0,1,1,1,1,0,1,1,1,1,1,1,1,1,1,1
786,78,12,0,1,1,1,1,1,1,1,1,1,1,0,1,1,0,1,1,0,1,1,1,1,1,1,1,0,1,1,1,1,1,1,1,1,1,1
787,78,22,1,1,1,1,1,1,1,1,1,1,1,0,1,1,0,1,1,0,1,1,1,1,1,1,1,0,1,1,1,1,1,1,1,1,1,1
788,78,15,1,1,0,1,1,1,1,1,1,1,1,0,1,1,0,1,1,0,1,1,1,1,1,1,1,0,1,1,1,1,1,1,1,1,1,1
789,78,9,0,1,1,1,1,1,1,1,1,1,1,0,1,1,0,1,1,0,1,1,1,1,1,1,1,0,1,1,1,1,1,1,1,1,1,1
790,78,23,0,1,1,1,1,1,1,1,1,1,1,0,1,1,0,1,1,0,1,1,1,1,1,1,1,0,1,1,1,1,1,1,1,1,1,1
791,78,26,0,0,1,1,1,1,1,1,1,1,1,0,1,1,0,1,1,0,1,1,1,1,1,1,1,0,1,1,1,1,1,1,1,1,1,1
792,78,5,0,1,1,1,1,1,1,1,1,1,1,0,1,1,0,1,1,0,1,1,1,1,1,1,1,0,1,1,1,1,1,1,1,1,1,1
793,78,2,0,0,0,1,1,1,1,1,1,1,1,0,1,1,0,1,1,0,1,1,1,1,1,1,1,0,1,1,1,1,1,1,1,1,1,1
794,79,12,0,1,1,1,1,1,1,0,1,1,1,0,1,1,0,1,1,0,1,1,1,1,1,1,1,0,1,1,1,1,1,1,1,1,1,1
795,79,5,0,0,1,1,1,1,1,0,1,1,1,0,1,1,0,1,1,0,1,1,1,1,1,1,1,0,1,1,1,1,1,1,1,1,1,1
796,79,15,1,1,1,1,1,1,1,0,1,1,1,0,1,1,0,1,1,0,1,1,1,1,1,1,1,0,1,1,1,1,1,1,1,1,1,1
797,79,9,1,1,1,1,1,1,1,0,1,1,1,0,1,1,0,1,1,0,1,1,1,1,1,1,1,0,1,1,1,1,1,1,1,1,1,1
798,79,23,0,1,1,1,1,1,1,0,1,1,1,0,1,1,0,1,1,0,1,1,1,1,1,1,1,0,1,1,1,1,1,1,1,1,1,1
799,79,26,0,0,1,1,1,1,1,0,1,1,1,0,1,1,0,1,1,0,1,1,1,1,1,1,1,0,1,1,1,1,1,1,1,1,1,1
800,79,2,1,1,1,1,1,1,1,0,1,1,1,0,1,1,0,1,1,0,1,1,1,1,1,1,1,0,1,1,1,1,1,1,1,1,1,1
801,79,31,1,0,1,1,1,1,1,0,1,1,1,0,1,1,0,1,1,0,1,1,1,1,1,1,1,0,1,1,1,1,1,1,1,1,1,1
802,80,12,0,1,1,1,0,1,1,1,1,1,1,1,1,1,0,1,1,0,1,1,0,1,1,1,1,0,1,1,1,1,0,1,1,1,1,1
803,80,28,0,1,1,1,0,1,1,1,1,1,1,1,1,1,0,1,1,0,1,1,0,1,1,1,1,0,1,1,1,1,0,1,1,1,1,1
804,80,15,1,1,0,1,0,1,1,1,1,1,1,1,1,1,0,1,1,0,1,1,0,1,1,1,1,0,1,1,1,1,0,1,1,1,1,1
805,80,18,0,0,1,1,0,1,1,1,1,1,1,1,1,1,0,1,1,0,1,1,0,1,1,1,1,0,1,1,1,1,0,1,1,1,1,1
806,80,23,0,1,1,1,0,1,1,1,1,1,1,1,1,1,0,1,1,0,1,1,0,1,1,1,1,0,1,1,1,1,0,1,1,1,1,1
807,80,2,1,0,0,1,0,1,1,1,1,1,1,1,1,1,0,1,1,0,1,1,0,1,1,1,1,0,1,1,1,1,0,1,1,1,1,1
808,80,26,1,0,1,1,0,1,1,1,1,1,1,1,1,1,0,1,1,0,1,1,0,1,1,1,1,0,1,1,1,1,0,1,1,1,1,1
809,80,31,1,1,0,1,0,1,1,1,1,1,1,1,1,1,0,1,1,0,1,1,0,1,1,1,1,0,1,1,1,1,0,1,1,1,1,1
810,81,12,0,0,1,1,1,1,1,1,1,1,1,1,1,1,1,1,1,1,1,1,1,1,1,1,1,1,1,1,1,1,1,1,1,1,1,1
811,81,18,0,1,1,1,1,1,1,1,1,1,1,1,1,1,1,1,1,1,1,1,1,1,1,1,1,1,1,1,1,1,1,1,1,1,1,1
812,81,15,0,0,1,1,1,1,1,1,1,1,1,1,1,1,1,1,1,1,1,1,1,1,1,1,1,1,1,1,1,1,1,1,1,1,1,1
813,81,9,1,1,1,1,1,1,1,1,1,1,1,1,1,1,1,1,1,1,1,1,1,1,1,1,1,1,1,1,1,1,1,1,1,1,1,1
814,81,23,0,1,1,1,1,1,1,1,1,1,1,1,1,1,1,1,1,1,1,1,1,1,1,1,1,1,1,1,1,1,1,1,1,1,1,1
815,81,2,1,0,0,1,1,1,1,1,1,1,1,1,1,1,1,1,1,1,1,1,1,1,1,1,1,1,1,1,1,1,1,1,1,1,1,1
816,81,26,0,0,0,1,1,1,1,1,1,1,1,1,1,1,1,1,1,1,1,1,1,1,1,1,1,1,1,1,1,1,1,1,1,1,1,1
817,81,31,1,0,0,1,1,1,1,1,1,1,1,1,1,1,1,1,1,1,1,1,1,1,1,1,1,1,1,1,1,1,1,1,1,1,1,1
